Id_SimPoi,Id_Sim,POI_Sim,DateTissu,DateTissuSec,DateFourniture,DateFil,DateOKProduction,DateMax,SemTheorique
900000000,999999,DEMO-EDGE-BLOCK_TISSU,2025-08-09,2025-07-07,2025-07-04,2025-07-01,2025-06-28,,
900000001,999999,DEMO-EDGE-BLOCK_TISSU_SEC,2025-07-10,2025-08-09,2025-07-04,2025-07-01,2025-06-28,,
900000002,999999,DEMO-EDGE-BLOCK_FOURNITURE,2025-07-10,2025-07-07,2025-08-09,2025-07-01,2025-06-28,,
900000003,999999,DEMO-EDGE-BLOCK_FIL,2025-07-10,2025-07-07,2025-07-04,2025-08-09,2025-06-28,,
900000004,999999,DEMO-EDGE-BLOCK_OK_PRODUCTION,2025-07-10,2025-07-07,2025-07-04,2025-07-01,2025-08-09,,
900000005,999999,DEMO-EDGE-TIE_2WAY,2025-06-15,2025-06-10,2025-06-03,2025-06-15,2025-06-12,,
900000006,999999,DEMO-EDGE-TIE_3WAY,2025-09-01,2025-09-01,2025-08-02,2025-08-31,2025-09-01,,
900000007,999999,DEMO-EDGE-TIE_5WAY,2025-03-10,2025-03-10,2025-03-10,2025-03-10,2025-03-10,,
900000008,999999,DEMO-EDGE-RANGE_START,2025-01-01,2025-01-01,2025-01-01,2025-01-01,2025-01-01,,
900000009,999999,DEMO-EDGE-RANGE_END,2026-06-25,2026-06-21,2026-06-17,2026-06-13,2026-06-30,,
900000010,999999,DEMO-EDGE-ISO_YEAR_BOUNDARY_2025_12_29,2025-12-29,2025-12-26,2025-12-25,2025-12-24,2025-12-23,,
900000011,999999,DEMO-EDGE-ISO_YEAR_BOUNDARY_2025_12_30,2025-12-30,2025-12-27,2025-12-26,2025-12-25,2025-12-24,,
900000012,999999,DEMO-EDGE-ISO_YEAR_BOUNDARY_2025_12_31,2025-12-31,2025-12-28,2025-12-27,2025-12-26,2025-12-25,,
900100000,999999,01107118585CD,2025-04-25,2025-01-26,2025-10-09,2025-09-08,2025-08-17,,
900100001,999999,03107119467CD,2025-05-23,2025-04-15,2025-03-31,2026-03-09,2025-02-02,,
900100002,999999,01359108274CD,2025-01-31,2025-04-06,2025-08-12,2025-08-27,2026-06-02,,
900100003,999999,01140121752CD,2025-01-28,2025-07-23,2026-03-06,2025-08-14,2026-04-05,,
900100004,999999,06028116711CD,2025-10-12,2025-01-07,2025-06-13,2026-03-09,2025-12-15,,
900100005,999999,04359109216CD,2025-10-12,2025-06-09,2025-08-09,2025-12-11,2025-04-15,,
900100006,999999,01028119751CD,2025-04-05,2026-01-25,2025-04-10,2026-01-03,2025-12-19,,
900100007,999999,01107117267CD,2025-09-28,2025-02-14,2026-04-16,2025-05-08,2026-01-23,,
900100008,999999,05376117751CD,2025-03-22,2025-10-28,2026-01-06,2025-07-16,2025-03-13,,
900100009,999999,02028104716CD,2025-02-16,2025-08-22,2025-10-24,2025-03-23,2025-08-27,,
900100010,999999,01028119493CD,2025-04-14,2026-01-25,2025-10-12,2026-04-10,2026-01-09,,
900100011,999999,01393114512CD,2025-06-16,2026-01-15,2025-12-30,2025-08-03,2025-10-01,,
900100012,999999,01359104088CD,2025-03-15,2025-06-25,2025-09-08,2025-06-17,2026-04-19,,
900100013,999999,01376114179CD,2026-01-24,2025-10-04,2025-08-13,2025-11-29,2025-02-27,,
900100014,999999,01028105996CD,2025-08-23,2025-02-02,2025-11-20,2026-02-15,2025-10-02,,
900100015,999999,07028116625CD,2025-03-09,2025-08-05,2025-11-19,2025-08-06,2026-05-27,,
900100016,999999,01001122679CD,2026-02-10,2026-04-15,2025-05-27,2025-09-29,2025-05-23,,
900100017,999999,01359115736CD,2025-09-10,2025-09-27,2026-03-15,2026-02-13,2026-01-06,,
900100018,999999,01140105929CD,2025-08-13,2025-05-22,2026-06-06,2026-05-21,2025-04-04,,
900100019,999999,01028116730CD,2025-02-18,2025-04-23,2025-06-06,2025-06-13,2026-03-09,,
900100020,999999,01110113127CD,2025-03-07,2026-01-30,2026-01-26,2026-04-25,2026-06-26,,
900100021,999999,02110122253CD,2025-09-15,2025-01-12,2025-04-28,2025-10-01,2025-12-15,,
900100022,999999,05084104421CD,2025-04-25,2025-10-28,2026-03-22,2025-06-11,2026-04-10,,
900100023,999999,14028114476CD,2025-01-04,2025-09-27,2026-05-28,2025-07-02,2026-06-04,,
900100024,999999,01359121187CD,2025-04-19,2025-11-02,2026-06-04,2025-07-23,2025-06-06,,
900100025,999999,02084108484CD,2026-01-18,2025-06-15,2026-06-28,2025-01-01,2025-11-28,,
900100026,999999,01337107492CD,2026-05-16,2025-01-20,2025-04-25,2026-01-07,2025-11-11,,
900100027,999999,01001102088CD,2025-09-03,2025-03-01,2025-09-04,2025-03-22,2025-03-29,,
900100028,999999,01359109897CD,2026-05-13,2025-03-12,2026-06-30,2025-05-09,2025-05-12,,
900100029,999999,01359108103CD,2026-05-02,2025-06-19,2025-09-29,2026-06-25,2026-03-10,,
900100030,999999,01359114212CD,2025-08-05,2025-07-25,2025-11-16,2026-02-13,2026-01-18,,
900100031,999999,01359118377CD,2026-03-25,2026-06-14,2026-04-08,2025-05-04,2025-09-11,,
900100032,999999,01337102550CD,2025-08-19,2025-03-07,2025-12-13,2025-01-22,2025-08-24,,
900100033,999999,01359113979CD,2025-08-14,2025-01-08,2025-03-14,2025-03-02,2025-08-23,,
900100034,999999,01359105534CD,2025-03-11,2025-02-02,2025-12-05,2025-03-14,2026-06-11,,
900100035,999999,01028111447CD,2025-09-01,2025-10-13,2026-05-13,2025-08-08,2025-05-16,,
900100036,999999,01084111391CD,2026-04-30,2025-09-06,2026-04-30,2026-02-21,2025-07-14,,
900100037,999999,06385106362CD,2025-04-07,2025-04-10,2026-03-18,2025-12-29,2026-03-10,,
900100038,999999,01107106556CD,2026-02-25,2026-04-24,2025-02-25,2025-04-11,2025-03-04,,
900100039,999999,01028109939CD,2026-02-17,2025-12-14,2025-04-22,2025-09-12,2025-07-16,,
900100040,999999,04028104589CD,2025-07-14,2026-04-05,2025-05-24,2026-03-09,2025-07-07,,
900100041,999999,05028114654CD,2025-10-13,2026-04-19,2025-09-13,2025-03-19,2026-03-30,,
900100042,999999,01110106545CD,2025-04-11,2025-02-21,2025-01-16,2025-04-06,2025-08-31,,
900100043,999999,03107114904CD,2025-06-20,2026-02-21,2026-05-13,2026-05-08,2025-08-07,,
900100044,999999,02084108558CD,2026-02-15,2025-03-02,2025-06-18,2026-01-24,2025-01-03,,
900100045,999999,01412121412CD,2026-02-04,2025-09-29,2026-04-11,2025-10-20,2026-03-10,,
900100046,999999,05107106517CD,2026-05-14,2025-06-08,2025-07-14,2025-10-31,2025-08-11,,
900100047,999999,09028117883CD,2025-03-01,2025-03-04,2025-11-18,2025-02-28,2025-02-21,,
900100048,999999,01396115924CD,2026-05-04,2026-05-30,2026-06-28,2025-06-11,2025-02-28,,
900100049,999999,07110109681CD,2026-06-05,2025-03-24,2025-07-10,2025-03-12,2025-03-11,,
900100050,999999,08110116742CD,2025-08-29,2026-02-18,2025-05-03,2025-09-10,2025-02-10,,
900100051,999999,01396119784CD,2025-03-25,2026-03-06,2026-06-20,2025-11-20,2025-09-25,,
900100052,999999,01107122502CD,2025-07-29,2025-11-18,2025-09-02,2025-09-29,2026-02-10,,
900100053,999999,01359121818CD,2025-05-15,2025-11-04,2026-04-14,2025-11-20,2025-03-16,,
900100054,999999,02396121295CD,2025-01-10,2026-04-15,2025-04-13,2025-03-17,2025-08-07,,
900100055,999999,01396118638CD,2026-06-03,2025-09-29,2025-05-16,2025-12-24,2025-03-12,,
900100056,999999,1938597974CD,2025-09-08,2026-01-14,2025-10-19,2025-06-11,2026-03-25,,
900100057,999999,01359110571CD,2025-11-06,2026-06-26,2025-01-09,2025-11-03,2025-04-17,,
900100058,999999,01140120621CD,2025-05-18,2025-09-28,2025-04-29,2025-04-20,2025-06-09,,
900100059,999999,06359108829CD,2025-10-06,2025-10-16,2025-08-04,2025-12-18,2025-07-28,,
900100060,999999,09396118529CD,2025-09-28,2026-06-02,2026-05-16,2025-09-15,2025-02-22,,
900100061,999999,03359121925CD,2025-04-05,2026-03-10,2025-10-11,2025-02-15,2025-01-04,,
900100062,999999,05020113256CD,2025-12-08,2025-05-14,2025-09-26,2025-06-15,2026-03-29,,
900100063,999999,01028120941CD,2026-03-14,2025-01-10,2025-04-25,2025-03-19,2025-06-02,,
900100064,999999,01361117295CD,2025-02-06,2026-01-14,2025-06-01,2026-03-17,2025-05-11,,
900100065,999999,01359113140CD,2025-02-12,2025-11-12,2026-01-09,2025-02-10,2026-01-02,,
900100066,999999,01001114586CD,2025-08-04,2025-09-13,2025-04-16,2025-12-29,2026-02-21,,
900100067,999999,02400107536CD,2025-06-08,2025-08-31,2025-06-16,2025-07-01,2026-02-27,,
900100068,999999,02084121366CD,2025-01-26,2025-07-03,2025-12-07,2026-02-26,2025-09-12,,
900100069,999999,02110122273CD,2025-10-01,2025-06-13,2025-04-21,2026-01-27,2025-02-09,,
900100070,999999,03359118377CD,2026-04-27,2025-08-16,2025-07-24,2026-04-17,2025-12-25,,
900100071,999999,01028103950CD,2025-11-09,2025-08-22,2025-08-17,2025-01-25,2025-07-17,,
900100072,999999,04034105251CD,2026-02-13,2025-12-03,2025-10-13,2025-03-13,2025-10-13,,
900100073,999999,06359100923CD,2025-12-26,2026-06-06,2026-02-14,2025-12-06,2025-01-29,,
900100074,999999,01020115570CD,2025-04-29,2025-09-25,2025-07-02,2025-09-29,2025-02-09,,
900100075,999999,01359119354CD,2025-04-22,2026-03-21,2025-12-20,2025-11-18,2026-03-23,,
900100076,999999,01337106189CD,2026-06-08,2025-04-29,2026-01-30,2025-07-14,2025-09-18,,
900100077,999999,01355116378CD,2025-02-15,2026-03-23,2025-01-02,2026-06-17,2025-07-21,,
900100078,999999,03359121737CD,2026-01-08,2026-03-18,2025-03-13,2025-12-05,2025-11-18,,
900100079,999999,01359118794CD,2025-05-08,2025-11-04,2026-06-04,2025-11-13,2026-02-23,,
900100080,999999,01359103718CD,2025-12-01,2026-02-17,2025-10-30,2025-05-11,2025-07-16,,
900100081,999999,01084122012CD,2026-03-07,2026-01-24,2025-06-28,2025-11-05,2026-02-20,,
900100082,999999,01084103755CD,2025-01-01,2025-11-08,2025-10-21,2025-08-04,2026-03-17,,
900100083,999999,06028119146CD,2025-11-26,2026-04-22,2026-03-29,2026-03-29,2025-08-07,,
900100084,999999,08296116296CD,2026-06-08,2026-04-30,2025-06-23,2025-03-28,2025-10-18,,
900100085,999999,07084101848CD,2026-06-12,2025-12-10,2025-04-06,2025-08-29,2025-11-14,,
900100086,999999,02359121793CD,2025-08-19,2025-07-23,2025-05-31,2025-01-26,2025-02-17,,
900100087,999999,01140121749CD,2025-09-08,2026-05-02,2025-03-16,2026-04-12,2026-03-01,,
900100088,999999,02084110526CD,2025-07-19,2026-01-29,2026-05-22,2026-02-14,2025-09-07,,
900100089,999999,01337103439CD,2025-06-01,2025-01-06,2025-04-20,2026-03-12,2025-08-13,,
900100090,999999,0133898080CD,2025-06-30,2026-06-15,2026-04-21,2025-02-21,2025-09-13,,
900100091,999999,02028122003CD,2025-05-05,2026-04-13,2025-05-17,2026-04-21,2026-06-28,,
900100092,999999,01028122582CD,2025-11-21,2026-03-30,2026-06-01,2026-03-13,2026-04-02,,
900100093,999999,01393114574CD,2025-06-12,2026-05-02,2026-04-06,2025-09-23,2025-09-11,,
900100094,999999,02140116166CD,2025-10-11,2026-06-18,2026-05-12,2025-09-02,2025-10-09,,
900100095,999999,01084114955CD,2026-03-27,2025-03-21,2025-10-20,2025-08-29,2025-10-06,,
900100096,999999,01359109213CD,2025-12-10,2025-11-24,2025-03-24,2025-05-22,2025-06-04,,
900100097,999999,01359102778CD,2025-08-25,2026-01-28,2025-06-06,2025-08-08,2025-03-07,,
900100098,999999,01140108141CD,2026-03-01,2026-02-22,2025-12-05,2026-04-23,2026-03-02,,
900100099,999999,01107106560CD,2025-03-05,2025-07-31,2026-03-07,2026-02-03,2025-01-21,,
900100100,999999,02028120969CD,2026-01-25,2026-05-04,2025-01-07,2025-12-27,2025-11-02,,
900100101,999999,01084106112CD,2026-02-04,2026-03-06,2025-08-14,2026-05-15,2025-08-13,,
900100102,999999,01110122314CD,2025-10-07,2026-03-23,2026-05-13,2025-01-30,2026-02-03,,
900100103,999999,03028111333CD,2025-12-11,2026-02-19,2025-06-19,2026-04-24,2025-05-11,,
900100104,999999,0136195969CD,2025-01-28,2026-02-08,2025-01-28,2025-03-27,2026-03-15,,
900100105,999999,01359107316CD,2025-05-19,2026-04-18,2025-07-06,2025-02-21,2025-09-24,,
900100106,999999,01359112679CD,2026-01-24,2025-12-02,2025-08-05,2026-04-11,2025-12-01,,
900100107,999999,01359102781CD,2025-12-12,2026-01-24,2025-10-12,2026-03-08,2025-09-16,,
900100108,999999,23020115979CD,2025-03-25,2026-04-27,2025-01-20,2025-02-23,2025-12-25,,
900100109,999999,01084120596CD,2025-08-18,2025-03-12,2025-02-11,2025-02-01,2025-09-11,,
900100110,999999,01314107692CD,2025-07-24,2025-01-21,2025-06-06,2025-09-02,2025-05-10,,
900100111,999999,01084112560CD,2026-04-30,2025-04-28,2025-08-12,2026-04-22,2025-09-20,,
900100112,999999,02084104693CD,2026-01-13,2025-06-21,2025-04-28,2025-06-17,2025-11-15,,
900100113,999999,01084122264CD,2025-04-21,2025-01-27,2025-11-16,2026-01-20,2026-02-11,,
900100114,999999,01359106258CD,2025-07-23,2025-03-19,2025-09-06,2025-04-15,2025-11-05,,
900100115,999999,02140106223CD,2025-05-04,2025-02-12,2025-12-22,2026-06-30,2026-03-15,,
900100116,999999,04107108755CD,2026-01-15,2025-03-12,2026-06-03,2025-12-16,2025-01-13,,
900100117,999999,01359102840CD,2026-03-07,2026-05-17,2025-04-19,2026-03-20,2026-01-06,,
900100118,999999,01385108806CD,2026-04-16,2025-06-06,2026-03-22,2025-06-30,2026-06-19,,
900100119,999999,01400117071CD,2025-10-04,2026-05-11,2026-04-22,2026-03-23,2025-10-02,,
900100120,999999,01020116009CD,2025-11-27,2025-09-09,2025-03-30,2025-10-13,2026-04-07,,
900100121,999999,05107101756CD,2025-09-07,2026-04-21,2026-01-24,2025-12-11,2025-01-30,,
900100122,999999,01084122033CD,2026-05-22,2025-11-29,2025-07-06,2026-05-15,2025-08-06,,
900100123,999999,05388107938CD,2025-12-30,2025-09-22,2025-12-15,2025-10-14,2025-10-10,,
900100124,999999,03028113547CD,2025-01-11,2026-06-14,2025-07-15,2025-03-29,2025-09-05,,
900100125,999999,01028110320CD,2026-02-21,2026-05-16,2025-09-04,2026-05-03,2026-05-18,,
900100126,999999,01359105356CD,2026-04-04,2025-01-18,2025-04-06,2025-10-29,2025-08-15,,
900100127,999999,01359103590CD,2026-02-19,2025-09-07,2025-11-10,2026-01-13,2026-04-30,,
900100128,999999,01403111274CD,2026-06-28,2025-12-19,2026-03-12,2025-12-05,2025-12-27,,
900100129,999999,01110108171CD,2026-04-10,2025-10-05,2025-11-10,2025-09-15,2025-08-25,,
900100130,999999,01084114374CD,2025-05-04,2025-07-17,2025-11-20,2025-05-03,2025-07-09,,
900100131,999999,01337107495CD,2025-07-16,2025-08-10,2026-05-11,2025-10-11,2026-06-22,,
900100132,999999,01001114581CD,2025-10-17,2025-04-13,2025-07-18,2025-10-31,2025-08-21,,
900100133,999999,03359111557CD,2026-01-05,2025-07-03,2025-11-06,2025-01-15,2025-05-10,,
900100134,999999,08407118465CD,2025-10-08,2025-02-16,2025-02-25,2025-10-27,2025-05-10,,
900100135,999999,01234121585CD,2026-05-18,2025-04-16,2025-01-13,2025-10-19,2026-04-26,,
900100136,999999,03359118142CD,2026-05-06,2026-03-28,2025-12-15,2025-07-08,2025-02-22,,
900100137,999999,01084112594CD,2025-09-16,2026-05-05,2025-04-27,2025-03-08,2026-02-15,,
900100138,999999,03028119956CD,2026-05-19,2025-03-17,2025-02-24,2025-06-05,2025-06-02,,
900100139,999999,03028118979CD,2025-11-08,2025-03-29,2025-09-12,2025-05-02,2026-03-03,,
900100140,999999,0136196128CD,2025-08-20,2026-06-20,2026-01-25,2026-04-07,2026-03-30,,
900100141,999999,02234121580CD,2025-11-01,2026-03-16,2025-11-09,2025-03-03,2025-04-12,,
900100142,999999,01359121708CD,2025-08-01,2025-08-05,2025-09-28,2025-03-25,2025-06-10,,
900100143,999999,01376122015CD,2025-09-03,2025-06-27,2025-03-18,2025-06-10,2025-01-03,,
900100144,999999,04359111569CD,2026-02-23,2026-04-07,2026-04-27,2025-10-26,2025-02-03,,
900100145,999999,01393114575CD,2025-08-26,2025-10-23,2025-10-17,2026-04-10,2025-03-14,,
900100146,999999,01393114511CD,2025-08-28,2025-09-28,2025-07-22,2026-03-12,2025-04-28,,
900100147,999999,02028121111CD,2025-08-19,2025-06-02,2025-09-30,2025-05-26,2025-03-15,,
900100148,999999,01140105149CD,2025-03-03,2025-06-19,2025-11-11,2025-10-23,2026-03-26,,
900100149,999999,06107110421CD,2025-05-08,2026-04-25,2025-11-08,2026-02-17,2025-10-06,,
900100150,999999,02359118113CD,2026-05-28,2026-05-21,2026-03-25,2025-03-24,2025-02-10,,
900100151,999999,01359114165CD,2026-03-19,2025-11-27,2025-09-14,2025-01-27,2025-04-04,,
900100152,999999,0233895318CD,2025-08-23,2025-01-22,2025-10-03,2025-02-11,2025-06-29,,
900100153,999999,03359112942CD,2026-04-27,2026-06-16,2026-03-29,2025-10-12,2025-07-05,,
900100154,999999,01359120170CD,2026-03-23,2026-05-19,2025-04-04,2026-04-27,2025-12-23,,
900100155,999999,0135498885CD,2026-02-23,2025-12-08,2025-11-25,2025-04-18,2025-06-14,,
900100156,999999,01355112182CD,2025-12-04,2026-02-26,2026-05-23,2025-10-23,2026-02-15,,
900100157,999999,01110100444CD,2025-02-07,2026-04-11,2025-04-01,2025-11-19,2025-09-16,,
900100158,999999,01359110032CD,2025-11-28,2025-04-29,2026-02-18,2026-06-11,2025-01-02,,
900100159,999999,01359106969CD,2026-04-19,2026-02-28,2025-02-25,2025-07-12,2026-06-15,,
900100160,999999,01140108133CD,2026-01-06,2026-05-26,2026-03-29,2025-02-22,2025-07-28,,
900100161,999999,04359116399CD,2025-10-01,2025-05-15,2025-10-22,2026-03-25,2026-05-12,,
900100162,999999,04359102864CD,2025-05-05,2025-01-30,2025-09-03,2025-06-12,2025-11-15,,
900100163,999999,02359118931CD,2025-01-15,2026-02-22,2025-04-06,2025-08-19,2025-04-27,,
900100164,999999,03396121396CD,2026-04-18,2025-05-01,2025-06-07,2026-05-26,2025-10-26,,
900100165,999999,01001109707CD,2026-06-06,2025-10-07,2026-03-02,2026-05-10,2026-04-29,,
900100166,999999,01140101050CD,2025-09-07,2026-04-13,2025-05-29,2026-01-28,2025-07-15,,
900100167,999999,05028118977CD,2026-06-05,2025-05-20,2025-03-13,2025-10-10,2026-03-01,,
900100168,999999,11396118715CD,2025-12-15,2026-06-04,2025-10-01,2025-01-03,2025-10-17,,
900100169,999999,01084108660CD,2025-11-02,2026-05-17,2025-06-02,2026-04-03,2026-05-11,,
900100170,999999,01337107384CD,2025-12-20,2025-12-07,2026-01-22,2026-04-12,2025-11-26,,
900100171,999999,01084111252CD,2025-07-13,2025-09-02,2026-01-28,2025-08-28,2026-02-25,,
900100172,999999,01028122003CD,2025-02-14,2025-11-22,2026-04-30,2026-01-26,2026-01-31,,
900100173,999999,01001110089CD,2025-06-05,2026-05-23,2025-02-07,2025-05-10,2026-05-30,,
900100174,999999,01028110196CD,2025-12-06,2025-04-13,2026-03-27,2025-04-13,2026-06-23,,
900100175,999999,02028120940CD,2026-04-13,2025-01-16,2025-05-28,2026-02-24,2025-06-08,,
900100176,999999,02359121716CD,2025-03-18,2026-04-26,2025-09-29,2025-12-13,2026-02-12,,
900100177,999999,02110122359CD,2025-03-24,2025-12-03,2026-01-25,2025-11-21,2026-05-15,,
900100178,999999,01084117727CD,2025-02-06,2025-03-12,2025-08-29,2025-10-22,2025-08-21,,
900100179,999999,01359108804CD,2025-04-03,2026-03-21,2025-04-11,2025-04-13,2026-03-31,,
900100180,999999,01359104612CD,2025-06-20,2025-11-03,2025-01-30,2025-02-17,2025-11-29,,
900100181,999999,01028105856CD,2025-02-27,2025-10-28,2026-01-03,2026-01-19,2026-03-18,,
900100182,999999,07084119646CD,2025-05-30,2025-09-08,2026-06-28,2026-02-26,2025-07-04,,
900100183,999999,01359109857CD,2025-06-24,2025-06-29,2025-03-22,2026-01-27,2025-09-04,,
900100184,999999,02028110279CD,2026-05-25,2025-05-27,2025-08-26,2026-04-18,2025-09-18,,
900100185,999999,01396121462CD,2026-04-16,2025-09-19,2025-01-10,2026-04-22,2025-10-22,,
900100186,999999,01407111225CD,2025-06-11,2025-03-17,2026-03-29,2025-12-20,2025-11-03,,
900100187,999999,01359113157CD,2026-03-11,2025-09-14,2026-04-13,2025-11-06,2025-07-23,,
900100188,999999,08107110177CD,2026-01-29,2026-05-10,2025-04-20,2025-08-31,2026-01-26,,
900100189,999999,01110103071CD,2026-01-03,2025-10-30,2025-10-30,2025-01-23,2026-02-10,,
900100190,999999,01359120172CD,2025-10-09,2025-01-09,2025-02-20,2026-05-24,2025-10-21,,
900100191,999999,0135996883CD,2025-08-24,2025-12-27,2025-08-13,2025-07-14,2025-09-14,,
900100192,999999,02359121882CD,2025-05-21,2025-04-10,2025-02-10,2025-11-13,2026-03-28,,
900100193,999999,04396116231CD,2025-02-04,2026-01-09,2025-05-15,2025-04-03,2025-10-30,,
900100194,999999,01359112709CD,2025-12-01,2026-03-02,2025-06-29,2025-07-25,2025-05-16,,
900100195,999999,05395103270CD,2026-01-10,2026-06-28,2026-05-29,2025-10-07,2025-06-18,,
900100196,999999,01084114445CD,2025-09-21,2026-05-09,2025-10-30,2025-12-13,2025-04-28,,
900100197,999999,08110117087CD,2026-04-25,2025-03-19,2025-05-25,2025-08-20,2026-02-11,,
900100198,999999,01084122294CD,2026-01-10,2025-04-03,2026-02-09,2025-01-15,2025-09-28,,
900100199,999999,04028103687CD,2025-05-07,2026-04-11,2026-01-13,2025-09-26,2026-01-26,,
900100200,999999,01415121355CD,2026-01-16,2025-04-21,2025-08-28,2026-04-28,2025-01-26,,
900100201,999999,05359107801CD,2025-12-02,2025-08-15,2025-03-06,2026-04-21,2025-11-06,,
900100202,999999,01359109755CD,2026-02-23,2025-04-30,2025-05-24,2025-02-16,2025-02-08,,
900100203,999999,01359108043CD,2025-11-08,2026-05-20,2025-04-29,2025-04-10,2025-08-29,,
900100204,999999,02359121730CD,2025-05-19,2026-02-02,2026-04-10,2026-01-15,2026-03-06,,
900100205,999999,01110107795CD,2025-06-08,2026-03-01,2025-04-12,2026-05-17,2026-02-22,,
900100206,999999,01110117076CD,2025-10-14,2025-02-03,2026-01-15,2025-08-11,2026-03-31,,
900100207,999999,01407116240CD,2026-04-01,2025-08-30,2026-01-07,2025-04-12,2026-01-12,,
900100208,999999,05140113879CD,2026-01-03,2025-03-04,2026-02-12,2025-10-10,2025-07-14,,
900100209,999999,01359109089CD,2025-05-06,2026-04-11,2025-04-04,2025-08-06,2025-01-22,,
900100210,999999,01084107909CD,2025-02-21,2025-12-08,2025-09-07,2025-05-09,2025-07-30,,
900100211,999999,01084113309CD,2025-03-12,2025-08-01,2025-08-10,2025-08-27,2025-12-03,,
900100212,999999,01084120738CD,2025-06-01,2025-01-03,2025-10-11,2025-05-29,2025-05-14,,
900100213,999999,01361120317CD,2025-09-14,2025-06-28,2025-04-23,2025-01-27,2025-05-15,,
900100214,999999,03028122454CD,2025-01-16,2026-01-02,2025-09-01,2025-11-28,2025-01-17,,
900100215,999999,01359102736CD,2025-06-28,2025-09-29,2025-02-23,2025-05-10,2026-03-08,,
900100216,999999,01359104330CD,2026-06-23,2025-04-27,2025-03-07,2026-05-03,2026-04-05,,
900100217,999999,01020122402CD,2026-01-06,2026-06-10,2025-04-22,2026-04-08,2026-05-31,,
900100218,999999,01020117371CD,2025-08-15,2025-02-14,2026-06-18,2025-11-05,2026-04-15,,
900100219,999999,01359112954CD,2025-02-01,2025-03-04,2026-05-06,2026-02-16,2026-03-13,,
900100220,999999,02359121837CD,2025-04-21,2026-05-18,2026-03-31,2025-03-17,2025-03-24,,
900100221,999999,03140121202CD,2025-11-26,2025-06-01,2025-03-09,2025-05-10,2025-10-09,,
900100222,999999,01028112263CD,2025-11-29,2026-01-26,2026-06-28,2025-10-29,2026-04-10,,
900100223,999999,0133897688CD,2026-06-02,2026-03-17,2025-04-12,2025-04-28,2025-08-09,,
900100224,999999,01107119387CD,2026-03-17,2026-04-08,2025-08-22,2026-02-28,2025-12-14,,
900100225,999999,01359107320CD,2026-04-10,2026-02-13,2026-03-02,2025-04-08,2025-11-17,,
900100226,999999,05020109760CD,2026-03-14,2025-11-17,2025-09-19,2026-01-19,2025-06-06,,
900100227,999999,01359116577CD,2026-05-01,2025-03-10,2025-04-04,2025-03-29,2025-04-06,,
900100228,999999,01268106458CD,2026-03-19,2025-04-09,2026-01-17,2025-05-14,2025-03-03,,
900100229,999999,0108487921CD,2025-12-04,2025-05-06,2026-02-25,2025-12-29,2026-03-10,,
900100230,999999,01084119423CD,2025-02-22,2025-10-22,2025-11-16,2025-12-27,2025-04-17,,
900100231,999999,04084115567CD,2026-06-04,2025-08-06,2025-06-08,2026-05-09,2025-08-18,,
900100232,999999,05110104797CD,2025-04-21,2025-12-25,2026-01-12,2025-04-28,2025-10-13,,
900100233,999999,0133795872CD,2025-08-20,2026-03-16,2025-01-27,2025-10-01,2025-01-30,,
900100234,999999,01028120989CD,2025-07-04,2025-10-07,2025-11-13,2025-12-14,2025-12-26,,
900100235,999999,01359115942CD,2025-01-07,2025-07-05,2025-05-27,2026-02-15,2025-03-13,,
900100236,999999,02084104839CD,2025-05-26,2025-02-01,2025-04-04,2026-06-28,2025-08-09,,
900100237,999999,01001110092CD,2026-01-21,2026-03-06,2026-04-10,2025-12-16,2025-06-11,,
900100238,999999,02359121825CD,2026-01-14,2025-11-16,2025-11-29,2025-03-28,2025-02-23,,
900100239,999999,01359120297CD,2025-06-09,2025-06-11,2025-02-20,2025-03-25,2025-10-06,,
900100240,999999,01110112916CD,2026-03-30,2026-03-11,2026-05-13,2026-03-29,2026-03-01,,
900100241,999999,01337111041CD,2025-10-07,2025-08-09,2026-06-09,2025-04-27,2025-12-20,,
900100242,999999,01361118240CD,2026-03-17,2025-04-24,2025-10-18,2026-05-14,2026-06-24,,
900100243,999999,01140110086CD,2025-11-12,2025-02-16,2025-08-14,2026-02-09,2025-02-26,,
900100244,999999,06028110321CD,2025-01-08,2025-07-29,2025-11-05,2025-08-05,2025-05-21,,
900100245,999999,06028118108CD,2025-09-19,2025-10-24,2025-12-02,2025-05-03,2025-01-08,,
900100246,999999,02359121798CD,2026-05-25,2026-03-17,2025-06-29,2025-05-13,2026-01-25,,
900100247,999999,01359108286CD,2026-06-30,2025-08-24,2026-05-28,2025-12-29,2025-03-15,,
900100248,999999,02396118310CD,2026-02-11,2025-02-13,2026-03-23,2025-01-20,2026-04-16,,
900100249,999999,01020117368CD,2025-03-21,2025-11-17,2026-03-16,2026-02-19,2026-03-04,,
900100250,999999,01359104578CD,2025-10-24,2025-04-28,2026-02-19,2025-01-22,2025-11-29,,
900100251,999999,04359111567CD,2025-06-25,2026-04-17,2026-01-06,2025-04-01,2026-03-24,,
900100252,999999,01084122164CD,2025-04-19,2025-09-07,2026-03-23,2026-02-15,2026-06-21,,
900100253,999999,01359121700CD,2025-03-22,2026-02-10,2025-11-14,2025-12-14,2025-08-15,,
900100254,999999,01359115379CD,2025-12-08,2025-06-22,2025-03-20,2026-06-07,2025-04-27,,
900100255,999999,06084112601CD,2026-06-28,2026-06-07,2025-07-18,2025-12-24,2025-12-26,,
900100256,999999,01359113973CD,2025-06-01,2025-08-30,2025-04-16,2025-05-30,2025-09-20,,
900100257,999999,04268113145CD,2025-07-22,2025-06-27,2025-06-06,2025-03-19,2025-07-01,,
900100258,999999,01110122253CD,2026-05-21,2026-04-21,2026-04-05,2025-11-27,2025-11-20,,
900100259,999999,06028109034CD,2025-06-04,2026-03-27,2025-03-11,2026-04-26,2026-03-29,,
900100260,999999,01359116315CD,2025-11-07,2025-10-09,2025-02-27,2025-12-27,2026-06-04,,
900100261,999999,02396121519CD,2025-03-17,2025-11-14,2026-04-18,2026-04-08,2025-02-08,,
900100262,999999,07028119664CD,2025-02-28,2026-01-13,2025-10-21,2025-03-20,2025-04-03,,
900100263,999999,01359104147CD,2026-06-04,2026-01-29,2026-04-19,2025-02-12,2026-04-06,,
900100264,999999,01001122705CD,2025-07-12,2025-11-26,2026-05-03,2026-05-29,2025-06-04,,
900100265,999999,01359105620CD,2025-03-05,2026-04-07,2025-04-16,2025-12-18,2025-03-28,,
900100266,999999,01028120708CD,2026-06-01,2025-06-26,2025-02-10,2025-09-11,2026-03-25,,
900100267,999999,01359109232CD,2026-03-26,2026-06-21,2026-06-20,2025-06-12,2026-01-08,,
900100268,999999,01001105786CD,2026-01-17,2025-10-17,2026-02-01,2026-02-23,2025-12-13,,
900100269,999999,01028114933CD,2025-02-23,2025-12-09,2025-03-09,2025-12-04,2025-04-07,,
900100270,999999,01019107908CD,2026-01-31,2025-10-18,2025-09-16,2025-06-03,2025-12-08,,
900100271,999999,03359121713CD,2025-03-25,2025-05-25,2025-12-25,2025-11-14,2026-02-06,,
900100272,999999,01359111594CD,2025-05-13,2025-03-28,2025-11-14,2026-01-21,2025-12-03,,
900100273,999999,01396117219CD,2025-05-11,2026-06-24,2025-04-06,2026-03-10,2026-06-05,,
900100274,999999,01028109940CD,2026-01-06,2025-01-19,2026-01-07,2025-11-13,2025-07-04,,
900100275,999999,01028108510CD,2025-08-08,2025-12-16,2026-05-13,2025-07-16,2025-08-20,,
900100276,999999,05396116299CD,2025-05-21,2025-06-08,2025-03-21,2025-10-30,2025-04-14,,
900100277,999999,01028118428CD,2026-06-04,2026-06-24,2025-02-08,2025-12-11,2025-05-15,,
900100278,999999,01028122641CD,2026-01-21,2025-06-07,2025-06-16,2025-07-05,2025-06-19,,
900100279,999999,0102896303CD,2026-03-25,2025-02-14,2026-02-25,2026-01-09,2025-09-01,,
900100280,999999,03107116762CD,2026-03-31,2025-10-19,2026-04-05,2025-08-28,2025-09-02,,
900100281,999999,01084110520CD,2025-11-13,2026-04-26,2025-07-18,2026-01-12,2026-03-28,,
900100282,999999,01407113644CD,2026-04-18,2025-10-16,2026-01-27,2026-05-30,2026-06-25,,
900100283,999999,07385102306CD,2026-03-05,2025-06-15,2025-07-24,2025-05-22,2025-09-14,,
900100284,999999,01028108584CD,2025-02-23,2026-05-08,2026-01-16,2025-04-16,2026-06-13,,
900100285,999999,01314108360CD,2025-05-08,2025-10-19,2025-03-27,2025-06-14,2025-10-07,,
900100286,999999,07110116742CD,2026-04-06,2026-06-10,2025-05-31,2026-03-24,2025-04-04,,
900100287,999999,01107112523CD,2025-08-16,2026-04-07,2025-12-24,2025-01-28,2026-03-01,,
900100288,999999,01020118469CD,2025-02-24,2026-02-10,2026-05-30,2026-01-18,2025-08-30,,
900100289,999999,01359104585CD,2026-01-31,2025-03-25,2026-01-19,2025-08-18,2025-01-29,,
900100290,999999,04359116534CD,2025-11-23,2025-04-12,2025-12-10,2025-05-30,2025-05-21,,
900100291,999999,01393114565CD,2025-02-09,2025-10-21,2026-04-29,2025-05-23,2026-04-26,,
900100292,999999,01028104112CD,2026-04-05,2025-01-06,2025-03-23,2025-01-20,2025-09-20,,
900100293,999999,01396104905CD,2025-08-09,2025-06-03,2026-06-25,2026-03-10,2025-04-24,,
900100294,999999,01140106661CD,2025-10-23,2025-09-01,2025-11-05,2025-05-05,2025-02-18,,
900100295,999999,06359111568CD,2025-09-02,2026-03-06,2026-04-14,2025-03-06,2025-04-24,,
900100296,999999,05028110331CD,2026-05-27,2025-01-17,2026-06-12,2025-09-05,2025-05-28,,
900100297,999999,01028106401CD,2025-10-26,2026-03-16,2025-01-02,2025-12-28,2025-09-04,,
900100298,999999,01359106420CD,2026-03-03,2025-07-11,2025-03-29,2026-06-21,2026-01-05,,
900100299,999999,01359118419CD,2025-03-11,2026-06-23,2026-06-04,2026-06-04,2025-01-21,,
900100300,999999,02001106329CD,2026-02-04,2026-04-27,2025-02-14,2026-02-01,2026-01-18,,
900100301,999999,01296122035CD,2025-09-17,2025-01-17,2026-01-01,2025-03-11,2025-12-20,,
900100302,999999,06359118010CD,2025-09-04,2025-04-17,2025-12-07,2025-05-17,2025-02-15,,
900100303,999999,05355105016CD,2025-12-27,2025-12-13,2025-06-29,2026-04-21,2026-05-06,,
900100304,999999,08395101884CD,2025-07-06,2025-05-19,2025-03-06,2026-04-14,2025-02-07,,
900100305,999999,01084117926CD,2025-10-28,2025-07-26,2025-02-14,2025-07-24,2025-02-12,,
900100306,999999,06355112144CD,2025-11-20,2025-11-14,2026-06-12,2026-02-12,2026-04-30,,
900100307,999999,04357101439CD,2025-09-17,2025-02-07,2025-07-15,2025-10-20,2026-01-01,,
900100308,999999,01110104797CD,2025-02-18,2025-12-06,2025-10-07,2025-05-08,2026-01-12,,
900100309,999999,03359116316CD,2026-03-24,2026-02-14,2026-03-27,2026-01-31,2025-12-14,,
900100310,999999,01028109153CD,2025-07-11,2026-05-24,2026-05-25,2026-01-12,2026-06-16,,
900100311,999999,0135997007CD,2025-10-01,2025-03-26,2026-03-11,2025-03-22,2026-03-17,,
900100312,999999,01376110540CD,2025-07-04,2025-10-28,2025-11-25,2025-04-16,2025-03-23,,
900100313,999999,01084108656CD,2025-12-02,2025-10-30,2025-11-10,2026-04-02,2026-03-13,,
900100314,999999,09110110883CD,2025-06-20,2026-03-31,2025-12-26,2026-04-03,2025-02-13,,
900100315,999999,08028110362CD,2025-12-28,2026-03-22,2025-10-09,2025-02-28,2025-03-18,,
900100316,999999,03359108291CD,2026-02-20,2026-01-08,2026-06-10,2025-06-13,2025-02-01,,
900100317,999999,01084103759CD,2025-05-27,2026-03-25,2025-02-05,2025-05-10,2025-03-10,,
900100318,999999,11385107525CD,2025-08-30,2026-01-11,2026-01-06,2026-01-28,2025-02-03,,
900100319,999999,01028113586CD,2025-06-07,2026-04-06,2026-01-15,2026-01-16,2026-03-31,,
900100320,999999,01359109266CD,2025-03-20,2025-05-21,2026-06-27,2026-01-11,2026-02-12,,
900100321,999999,01084119808CD,2025-11-18,2025-10-13,2025-09-13,2025-04-27,2025-01-27,,
900100322,999999,01359121714CD,2025-07-10,2026-05-27,2026-06-15,2026-02-01,2025-05-01,,
900100323,999999,03361109396CD,2025-09-26,2025-09-24,2026-04-02,2025-08-08,2025-10-20,,
900100324,999999,01396116939CD,2026-05-18,2025-07-24,2025-05-06,2025-05-19,2025-03-17,,
900100325,999999,03084110078CD,2026-04-08,2025-06-26,2026-04-01,2025-03-31,2025-11-24,,
900100326,999999,01359108192CD,2025-12-22,2025-03-08,2025-10-25,2025-11-04,2025-06-11,,
900100327,999999,03107120943CD,2025-06-28,2026-01-06,2026-06-05,2025-08-18,2025-05-05,,
900100328,999999,01393114831CD,2025-07-25,2025-05-23,2025-08-31,2026-05-21,2025-01-27,,
900100329,999999,01359120906CD,2026-01-05,2026-01-13,2026-04-24,2025-05-13,2025-03-30,,
900100330,999999,06407118465CD,2025-03-09,2025-11-13,2026-02-12,2026-05-06,2026-06-23,,
900100331,999999,02028121063CD,2026-02-25,2026-02-24,2025-03-17,2025-05-09,2025-11-21,,
900100332,999999,01359110126CD,2025-03-17,2026-04-06,2026-04-23,2026-06-14,2025-12-19,,
900100333,999999,02028120077CD,2025-05-12,2025-07-06,2025-05-13,2026-03-20,2026-05-30,,
900100334,999999,03359102896CD,2025-02-26,2025-05-08,2026-06-15,2025-06-06,2025-11-08,,
900100335,999999,01396120661CD,2025-06-18,2025-06-15,2025-11-27,2025-08-19,2025-12-21,,
900100336,999999,02028110321CD,2026-06-16,2025-10-18,2025-03-22,2025-09-14,2025-07-21,,
900100337,999999,06107103885CD,2025-10-09,2025-05-09,2025-11-07,2025-04-06,2026-05-30,,
900100338,999999,01107119391CD,2025-06-22,2025-06-07,2025-06-25,2025-12-12,2025-02-12,,
900100339,999999,01028106904CD,2025-01-30,2025-03-25,2025-02-16,2025-09-29,2025-08-04,,
900100340,999999,01084106778CD,2026-03-03,2025-02-01,2026-05-25,2025-10-24,2025-11-06,,
900100341,999999,09084110240CD,2026-05-10,2025-09-08,2026-02-20,2025-11-01,2026-04-10,,
900100342,999999,01028120678CD,2025-03-16,2025-03-03,2025-06-11,2026-03-27,2026-03-02,,
900100343,999999,04268109154CD,2026-05-11,2026-04-21,2025-07-28,2025-12-15,2025-05-28,,
900100344,999999,02388103961CD,2025-11-17,2025-11-23,2025-12-20,2026-02-13,2025-05-14,,
900100345,999999,0138598562CD,2026-01-15,2026-06-12,2025-04-19,2025-11-23,2025-09-05,,
900100346,999999,01361122593CD,2026-04-23,2025-05-06,2025-10-01,2026-04-06,2025-09-11,,
900100347,999999,06019121654CD,2025-05-25,2025-04-10,2025-02-21,2025-10-25,2026-01-29,,
900100348,999999,01107120309CD,2026-03-05,2025-09-12,2025-06-13,2025-12-02,2025-11-17,,
900100349,999999,01084108769CD,2025-07-14,2025-06-13,2026-05-26,2026-06-12,2026-04-24,,
900100350,999999,01020111779CD,2026-05-26,2025-11-12,2026-05-25,2025-01-24,2025-04-03,,
900100351,999999,04359118349CD,2026-02-07,2026-06-02,2026-04-14,2025-09-04,2025-08-09,,
900100352,999999,01359102887CD,2025-12-28,2025-02-19,2025-02-21,2025-10-16,2026-05-22,,
900100353,999999,01355108515CD,2026-04-27,2025-10-20,2025-01-09,2025-04-21,2026-03-18,,
900100354,999999,03355105210CD,2025-05-18,2025-09-28,2026-01-10,2026-02-17,2026-01-10,,
900100355,999999,01020122407CD,2025-02-16,2026-02-15,2025-02-22,2025-07-19,2026-01-07,,
900100356,999999,01396118117CD,2025-10-23,2025-03-17,2026-01-31,2026-06-01,2026-04-07,,
900100357,999999,03359112929CD,2025-10-14,2025-05-02,2025-05-12,2025-04-10,2026-02-08,,
900100358,999999,01028121077CD,2026-01-18,2025-12-14,2026-01-10,2025-05-28,2025-07-23,,
900100359,999999,01140105223CD,2026-06-06,2026-02-16,2026-05-28,2025-02-11,2025-02-16,,
900100360,999999,03359107580CD,2025-02-09,2025-05-21,2025-12-08,2026-05-01,2026-06-16,,
900100361,999999,01110122299CD,2026-04-13,2025-06-02,2026-06-12,2025-05-24,2025-12-02,,
900100362,999999,01396115873CD,2025-11-23,2025-06-16,2026-02-07,2025-11-03,2025-12-11,,
900100363,999999,01001110091CD,2026-06-04,2026-06-06,2026-06-30,2026-05-17,2025-11-03,,
900100364,999999,01110116753CD,2026-05-02,2025-01-18,2026-01-13,2025-12-06,2025-04-23,,
900100365,999999,03107106560CD,2026-03-03,2025-11-12,2025-01-28,2026-05-01,2025-09-29,,
900100366,999999,01084115770CD,2025-08-22,2025-02-22,2026-05-07,2025-06-24,2026-06-21,,
900100367,999999,04084119612CD,2026-01-25,2025-06-01,2025-09-06,2025-02-02,2025-04-23,,
900100368,999999,01107110392CD,2025-07-15,2025-01-20,2026-03-28,2025-11-18,2026-03-05,,
900100369,999999,01084122335CD,2025-06-05,2026-02-27,2025-07-28,2026-02-25,2026-05-29,,
900100370,999999,01359106451CD,2026-04-28,2025-03-05,2025-05-22,2026-06-16,2025-08-01,,
900100371,999999,0123697822CD,2025-11-29,2026-05-05,2026-06-23,2026-01-21,2025-11-18,,
900100372,999999,02355116286CD,2025-06-27,2026-04-16,2026-06-30,2025-12-17,2025-12-29,,
900100373,999999,01359107283CD,2025-09-28,2026-05-11,2025-07-16,2025-09-10,2025-10-13,,
900100374,999999,0635994432CD,2025-11-02,2025-08-19,2025-11-01,2025-10-23,2025-08-01,,
900100375,999999,01359120155CD,2026-05-16,2025-11-21,2026-05-07,2025-12-24,2025-10-08,,
900100376,999999,01359108204CD,2025-10-22,2025-05-05,2026-01-24,2026-02-09,2025-12-20,,
900100377,999999,01028117258CD,2025-05-30,2025-10-25,2025-02-13,2025-10-22,2025-03-22,,
900100378,999999,03296112097CD,2025-12-21,2026-03-29,2025-09-20,2026-05-06,2025-08-08,,
900100379,999999,03359113078CD,2025-07-26,2025-10-05,2025-10-06,2025-05-21,2025-04-22,,
900100380,999999,01359121678CD,2025-09-03,2025-09-06,2025-02-21,2026-06-28,2025-08-20,,
900100381,999999,01001108468CD,2025-08-27,2025-02-23,2025-04-13,2026-02-28,2025-12-05,,
900100382,999999,11084108594CD,2026-04-29,2025-04-13,2025-05-21,2025-01-06,2025-06-11,,
900100383,999999,01107119952CD,2026-02-21,2026-05-03,2026-05-04,2025-07-24,2025-10-22,,
900100384,999999,01107103902CD,2025-11-25,2025-10-20,2025-03-02,2025-04-02,2025-08-26,,
900100385,999999,03359116290CD,2025-02-08,2025-06-29,2026-03-04,2025-06-30,2025-02-07,,
900100386,999999,0100191609CD,2026-02-11,2026-05-23,2025-07-10,2025-10-24,2025-02-08,,
900100387,999999,01107116975CD,2025-01-10,2025-11-02,2025-04-20,2025-12-10,2025-10-19,,
900100388,999999,01028107177CD,2026-04-11,2026-06-21,2026-05-21,2025-05-18,2026-06-01,,
900100389,999999,02359121941CD,2026-04-25,2025-10-07,2025-07-17,2025-04-26,2025-12-05,,
900100390,999999,01028122616CD,2025-06-16,2026-04-15,2025-09-21,2025-07-10,2025-01-15,,
900100391,999999,03084108547CD,2025-12-12,2025-10-30,2025-07-17,2025-06-29,2026-02-20,,
900100392,999999,01084111516CD,2026-03-14,2026-06-12,2025-12-02,2025-03-30,2026-02-15,,
900100393,999999,01019112428CD,2025-04-08,2025-07-09,2025-05-24,2026-05-04,2025-11-28,,
900100394,999999,02338100063CD,2025-09-12,2025-01-07,2025-09-25,2026-01-28,2025-08-30,,
900100395,999999,02355112154CD,2026-04-03,2025-10-01,2025-12-04,2025-11-06,2025-01-12,,
900100396,999999,15359103393CD,2025-09-25,2026-01-04,2025-08-30,2025-03-05,2025-05-02,,
900100397,999999,02028109721CD,2026-04-22,2025-11-11,2025-06-13,2026-02-20,2026-05-30,,
900100398,999999,01084122116CD,2025-11-15,2025-05-01,2025-10-30,2026-01-12,2025-08-15,,
900100399,999999,01107110143CD,2025-08-13,2025-05-17,2026-05-05,2025-06-06,2026-04-11,,
900100400,999999,01359103393CD,2026-01-18,2026-03-02,2026-04-28,2025-08-12,2025-09-11,,
900100401,999999,01302121626CD,2025-03-25,2026-06-23,2026-04-03,2026-06-25,2026-01-06,,
900100402,999999,01359118355CD,2025-03-21,2025-04-25,2025-03-05,2026-06-02,2025-07-27,,
900100403,999999,04359118567CD,2025-06-03,2025-06-18,2025-12-02,2026-06-17,2026-03-29,,
900100404,999999,01355108583CD,2025-04-30,2025-07-30,2026-05-16,2025-04-04,2026-06-07,,
900100405,999999,01412118099CD,2026-04-02,2025-02-26,2026-04-10,2025-05-16,2026-06-10,,
900100406,999999,02359114135CD,2026-03-02,2026-04-13,2025-03-01,2026-04-19,2025-11-12,,
900100407,999999,02028121083CD,2025-01-23,2026-02-10,2025-09-18,2025-01-04,2025-08-12,,
900100408,999999,03028119341CD,2025-03-16,2025-02-16,2026-03-10,2025-12-19,2025-03-07,,
900100409,999999,01001114618CD,2025-03-03,2025-03-12,2026-04-29,2025-02-02,2025-10-21,,
900100410,999999,01110110500CD,2026-02-23,2025-07-04,2025-05-19,2026-03-07,2026-01-19,,
900100411,999999,01028122722CD,2026-01-27,2026-04-05,2026-01-22,2026-01-20,2025-03-24,,
900100412,999999,01107112526CD,2025-05-17,2025-12-23,2025-05-02,2025-07-02,2026-02-07,,
900100413,999999,01028103540CD,2026-06-26,2025-05-11,2025-08-17,2025-01-04,2025-01-24,,
900100414,999999,01359108273CD,2025-11-02,2026-04-20,2026-03-11,2026-06-29,2026-01-24,,
900100415,999999,01359113089CD,2025-08-24,2025-09-11,2026-04-17,2025-12-21,2025-06-08,,
900100416,999999,01404109657CD,2025-10-10,2025-07-13,2025-04-26,2025-02-02,2026-03-06,,
900100417,999999,02359121237CD,2025-01-17,2025-09-04,2025-07-31,2025-03-10,2025-04-14,,
900100418,999999,01028119959CD,2025-02-04,2026-04-03,2025-02-19,2025-09-08,2025-02-15,,
900100419,999999,01359105519CD,2026-02-16,2026-03-26,2025-08-28,2025-08-11,2025-02-27,,
900100420,999999,02355112129CD,2025-05-24,2026-05-31,2025-10-24,2025-08-28,2025-11-23,,
900100421,999999,03385108733CD,2025-11-25,2025-08-31,2025-11-06,2025-05-27,2026-06-18,,
900100422,999999,01396107753CD,2025-08-15,2026-02-28,2025-11-04,2025-10-09,2025-03-04,,
900100423,999999,0135996962CD,2025-06-29,2026-03-14,2026-05-23,2025-02-18,2025-12-19,,
900100424,999999,02084119646CD,2026-01-26,2026-06-22,2025-11-23,2026-03-03,2026-02-23,,
900100425,999999,01355108694CD,2025-06-02,2025-11-04,2026-01-21,2025-07-08,2026-04-30,,
900100426,999999,01084119249CD,2025-09-04,2025-08-19,2025-11-04,2025-05-28,2026-04-20,,
900100427,999999,01107122483CD,2025-03-01,2026-02-27,2026-03-03,2026-06-27,2025-05-18,,
900100428,999999,01020122419CD,2026-02-02,2025-09-06,2025-09-19,2025-07-28,2025-12-05,,
900100429,999999,05359116461CD,2025-03-22,2026-04-06,2026-01-15,2025-04-05,2025-07-15,,
900100430,999999,04359111420CD,2025-02-22,2025-10-02,2026-01-22,2025-02-10,2025-03-16,,
900100431,999999,02140120614CD,2025-07-12,2025-08-11,2026-05-06,2025-08-02,2025-12-07,,
900100432,999999,01359102783CD,2025-11-07,2025-01-16,2025-08-05,2025-07-14,2025-05-01,,
900100433,999999,03140109475CD,2026-05-06,2025-09-06,2025-07-29,2026-02-11,2025-09-03,,
900100434,999999,01110122268CD,2025-11-26,2025-10-17,2026-01-25,2026-04-23,2026-01-03,,
900100435,999999,01388107938CD,2025-11-12,2025-09-25,2026-01-04,2026-06-10,2026-05-25,,
900100436,999999,02396121334CD,2026-04-23,2025-04-11,2026-04-26,2025-11-24,2025-07-28,,
900100437,999999,06028112379CD,2026-01-15,2025-11-17,2026-02-28,2025-02-16,2025-08-15,,
900100438,999999,0133898742CD,2025-05-30,2025-01-17,2025-09-25,2026-03-04,2025-10-30,,
900100439,999999,01359108129CD,2025-06-06,2025-07-20,2025-12-04,2025-08-24,2026-01-24,,
900100440,999999,01359107592CD,2025-09-09,2026-05-27,2025-12-12,2025-09-21,2026-05-16,,
900100441,999999,01140119156CD,2026-05-18,2026-04-17,2025-06-22,2025-12-27,2025-06-23,,
900100442,999999,01028122441CD,2025-05-24,2026-05-16,2025-07-08,2025-03-02,2026-06-21,,
900100443,999999,01034105122CD,2025-02-04,2025-03-18,2025-02-19,2025-01-07,2026-02-27,,
900100444,999999,01140110258CD,2025-05-21,2025-08-25,2025-03-11,2025-06-04,2025-01-10,,
900100445,999999,02110122276CD,2025-08-12,2026-06-02,2026-04-12,2026-01-18,2025-03-03,,
900100446,999999,05028110401CD,2026-05-10,2026-05-15,2025-01-17,2025-01-07,2026-06-29,,
900100447,999999,04028116709CD,2026-02-26,2025-01-13,2025-01-18,2026-06-27,2025-10-09,,
900100448,999999,01359113233CD,2025-10-21,2025-01-18,2026-05-30,2026-03-17,2025-07-03,,
900100449,999999,0133898897CD,2025-04-20,2025-04-09,2026-06-21,2025-06-02,2025-09-04,,
900100450,999999,01028116277CD,2025-07-16,2026-06-24,2025-09-16,2025-12-29,2025-10-01,,
900100451,999999,07028112374CD,2026-02-11,2025-03-22,2026-01-18,2026-02-20,2026-04-16,,
900100452,999999,03107106561CD,2025-09-07,2025-08-20,2025-11-04,2025-03-24,2025-02-02,,
900100453,999999,06355112143CD,2025-04-06,2026-02-20,2026-01-24,2026-01-22,2026-05-03,,
900100454,999999,01376111224CD,2025-02-27,2025-01-10,2025-06-25,2025-03-26,2026-05-27,,
900100455,999999,06337108432CD,2026-03-21,2025-12-06,2025-04-08,2026-06-25,2025-02-13,,
900100456,999999,01110108853CD,2025-08-24,2025-08-05,2026-05-02,2025-10-05,2025-02-17,,
900100457,999999,01412117584CD,2025-03-18,2025-10-15,2025-02-03,2025-07-03,2025-11-19,,
900100458,999999,01107106557CD,2025-01-17,2025-08-01,2025-05-28,2026-02-12,2025-03-20,,
900100459,999999,03028109943CD,2025-11-03,2025-06-16,2025-09-04,2026-02-03,2025-12-06,,
900100460,999999,01359120273CD,2026-01-29,2025-05-24,2025-03-22,2026-05-28,2025-12-21,,
900100461,999999,04359116434CD,2025-02-24,2025-04-11,2026-03-24,2025-08-26,2025-03-19,,
900100462,999999,08084104251CD,2025-12-15,2026-02-11,2025-12-01,2025-01-31,2025-10-07,,
900100463,999999,01359116341CD,2026-04-07,2026-05-18,2025-08-22,2025-12-31,2026-01-20,,
900100464,999999,03355104790CD,2026-03-19,2025-07-10,2026-01-25,2025-03-29,2025-10-30,,
900100465,999999,05028110339CD,2025-09-10,2025-03-17,2025-03-26,2025-10-02,2025-06-07,,
900100466,999999,09359103394CD,2026-01-25,2025-06-07,2026-02-03,2025-11-21,2026-01-05,,
900100467,999999,01028102574CD,2025-04-20,2025-04-04,2025-01-06,2025-11-12,2026-04-01,,
900100468,999999,01110109996CD,2026-01-04,2025-10-04,2025-04-15,2025-05-16,2025-03-31,,
900100469,999999,01396119007CD,2025-07-11,2026-03-18,2026-04-05,2026-06-09,2026-02-22,,
900100470,999999,03359118136CD,2025-04-16,2025-01-27,2025-04-02,2025-12-29,2025-04-06,,
900100471,999999,01359107312CD,2025-11-29,2026-01-30,2025-01-13,2025-10-26,2026-02-28,,
900100472,999999,05028119517CD,2026-02-02,2025-03-28,2025-09-06,2026-06-18,2025-06-23,,
900100473,999999,02110104519CD,2026-01-25,2025-06-23,2025-05-23,2025-10-03,2025-11-05,,
900100474,999999,01359110861CD,2025-10-02,2026-05-20,2025-05-30,2025-03-06,2025-06-21,,
900100475,999999,01419122386CD,2026-03-22,2025-10-10,2026-03-08,2025-11-03,2026-05-11,,
900100476,999999,01084119687CD,2025-03-20,2026-01-05,2025-09-15,2025-09-10,2026-05-23,,
900100477,999999,01359111684CD,2025-07-20,2026-04-14,2025-04-20,2025-05-19,2025-11-08,,
900100478,999999,05359108036CD,2025-01-07,2026-02-10,2025-12-07,2026-01-25,2025-12-04,,
900100479,999999,01084119243CD,2026-03-27,2025-12-09,2026-03-17,2025-05-20,2025-11-04,,
900100480,999999,01110113331CD,2025-11-25,2025-07-25,2026-05-06,2025-11-18,2025-07-01,,
900100481,999999,01020107337CD,2026-02-12,2025-11-23,2025-10-26,2026-05-18,2025-09-06,,
900100482,999999,01359111423CD,2025-11-30,2026-01-21,2025-10-15,2026-02-07,2026-01-09,,
900100483,999999,03107108758CD,2025-04-27,2025-07-24,2025-07-04,2025-01-28,2026-04-18,,
900100484,999999,01020111808CD,2025-08-03,2026-03-25,2025-10-26,2025-03-12,2026-02-23,,
900100485,999999,03359116594CD,2026-05-27,2025-05-23,2025-11-07,2025-09-05,2025-09-16,,
900100486,999999,01019104413CD,2025-06-07,2026-03-10,2026-01-22,2025-03-17,2026-04-05,,
900100487,999999,13028112254CD,2026-05-06,2026-02-15,2026-06-03,2026-03-05,2025-02-07,,
900100488,999999,01020120452CD,2026-01-04,2025-03-29,2025-04-22,2025-09-12,2025-12-30,,
900100489,999999,07107110386CD,2025-06-20,2025-02-15,2026-02-14,2025-12-06,2026-03-17,,
900100490,999999,0100193580CD,2025-04-19,2025-01-11,2025-04-11,2025-09-22,2025-08-16,,
900100491,999999,01338100644CD,2026-06-07,2026-06-16,2025-08-15,2026-04-02,2026-01-19,,
900100492,999999,01396104904CD,2026-02-05,2026-04-20,2026-05-28,2025-06-04,2025-12-20,,
900100493,999999,02028121128CD,2025-01-26,2026-05-10,2025-04-18,2025-10-30,2026-03-02,,
900100494,999999,01084116237CD,2025-03-29,2025-04-29,2025-05-26,2025-12-23,2025-11-16,,
900100495,999999,10359102898CD,2025-12-18,2026-04-12,2025-07-31,2026-06-18,2026-05-10,,
900100496,999999,01028106398CD,2025-12-23,2026-05-03,2025-04-10,2026-03-25,2026-04-09,,
900100497,999999,01028122463CD,2025-11-23,2025-03-10,2025-11-04,2025-02-15,2025-04-28,,
900100498,999999,01084122242CD,2025-01-24,2025-12-18,2025-04-22,2025-06-18,2025-09-07,,
900100499,999999,02359121850CD,2026-06-13,2025-06-28,2025-06-13,2025-12-05,2026-03-13,,
