id_sim,poi_sim,id_simpoi,date_tissu,date_tissu_sec,date_fourniture,date_fil,date_ok_production,date_theorique,iso_year,iso_week,week_key,sem_theorique,sem_theorique_label,blocking_element,calculation_status,missing_components,invalid_components,suspicious_components,data_origin,data_quality_flag,historical_sem_theorique,historical_date_max,source_table
999999,DEMO-EDGE-BLOCK_TISSU,900000000,2025-08-09,2025-07-07,2025-07-04,2025-07-01,2025-06-28,2025-08-09,2025,32,202532,202532,S32,TISSU,CALCULATED,,,,SYNTHETIC,,,,plan_t_simplanifpoi
999999,DEMO-EDGE-BLOCK_TISSU_SEC,900000001,2025-07-10,2025-08-09,2025-07-04,2025-07-01,2025-06-28,2025-08-09,2025,32,202532,202532,S32,TISSU_SEC,CALCULATED,,,,SYNTHETIC,,,,plan_t_simplanifpoi
999999,DEMO-EDGE-BLOCK_FOURNITURE,900000002,2025-07-10,2025-07-07,2025-08-09,2025-07-01,2025-06-28,2025-08-09,2025,32,202532,202532,S32,FOURNITURE,CALCULATED,,,,SYNTHETIC,,,,plan_t_simplanifpoi
999999,DEMO-EDGE-BLOCK_FIL,900000003,2025-07-10,2025-07-07,2025-07-04,2025-08-09,2025-06-28,2025-08-09,2025,32,202532,202532,S32,FIL,CALCULATED,,,,SYNTHETIC,,,,plan_t_simplanifpoi
999999,DEMO-EDGE-BLOCK_OK_PRODUCTION,900000004,2025-07-10,2025-07-07,2025-07-04,2025-07-01,2025-08-09,2025-08-09,2025,32,202532,202532,S32,OK_PRODUCTION,CALCULATED,,,,SYNTHETIC,,,,plan_t_simplanifpoi
999999,DEMO-EDGE-TIE_2WAY,900000005,2025-06-15,2025-06-10,2025-06-03,2025-06-15,2025-06-12,2025-06-15,2025,24,202524,202524,S24,TISSU;FIL,CALCULATED,,,,SYNTHETIC,,,,plan_t_simplanifpoi
999999,DEMO-EDGE-TIE_3WAY,900000006,2025-09-01,2025-09-01,2025-08-02,2025-08-31,2025-09-01,2025-09-01,2025,36,202536,202536,S36,TISSU;TISSU_SEC;OK_PRODUCTION,CALCULATED,,,,SYNTHETIC,,,,plan_t_simplanifpoi
999999,DEMO-EDGE-TIE_5WAY,900000007,2025-03-10,2025-03-10,2025-03-10,2025-03-10,2025-03-10,2025-03-10,2025,11,202511,202511,S11,TISSU;TISSU_SEC;FOURNITURE;FIL;OK_PRODUCTION,CALCULATED,,,,SYNTHETIC,,,,plan_t_simplanifpoi
999999,DEMO-EDGE-RANGE_START,900000008,2025-01-01,2025-01-01,2025-01-01,2025-01-01,2025-01-01,2025-01-01,2025,1,202501,202501,S01,TISSU;TISSU_SEC;FOURNITURE;FIL;OK_PRODUCTION,CALCULATED,,,,SYNTHETIC,,,,plan_t_simplanifpoi
999999,DEMO-EDGE-RANGE_END,900000009,2026-06-25,2026-06-21,2026-06-17,2026-06-13,2026-06-30,2026-06-30,2026,27,202627,202627,S27,OK_PRODUCTION,CALCULATED,,,,SYNTHETIC,,,,plan_t_simplanifpoi
999999,DEMO-EDGE-ISO_YEAR_BOUNDARY_2025_12_29,900000010,2025-12-29,2025-12-26,2025-12-25,2025-12-24,2025-12-23,2025-12-29,2026,1,202601,202601,S01,TISSU,CALCULATED,,,,SYNTHETIC,,,,plan_t_simplanifpoi
999999,DEMO-EDGE-ISO_YEAR_BOUNDARY_2025_12_30,900000011,2025-12-30,2025-12-27,2025-12-26,2025-12-25,2025-12-24,2025-12-30,2026,1,202601,202601,S01,TISSU,CALCULATED,,,,SYNTHETIC,,,,plan_t_simplanifpoi
999999,DEMO-EDGE-ISO_YEAR_BOUNDARY_2025_12_31,900000012,2025-12-31,2025-12-28,2025-12-27,2025-12-26,2025-12-25,2025-12-31,2026,1,202601,202601,S01,TISSU,CALCULATED,,,,SYNTHETIC,,,,plan_t_simplanifpoi
999999,01107118585CD,900100000,2025-04-25,2025-01-26,2025-10-09,2025-09-08,2025-08-17,2025-10-09,2025,41,202541,202541,S41,FOURNITURE,CALCULATED,,,,SYNTHETIC,,,,plan_t_simplanifpoi
999999,03107119467CD,900100001,2025-05-23,2025-04-15,2025-03-31,2026-03-09,2025-02-02,2026-03-09,2026,11,202611,202611,S11,FIL,CALCULATED,,,,SYNTHETIC,,,,plan_t_simplanifpoi
999999,01359108274CD,900100002,2025-01-31,2025-04-06,2025-08-12,2025-08-27,2026-06-02,2026-06-02,2026,23,202623,202623,S23,OK_PRODUCTION,CALCULATED,,,,SYNTHETIC,,,,plan_t_simplanifpoi
999999,01140121752CD,900100003,2025-01-28,2025-07-23,2026-03-06,2025-08-14,2026-04-05,2026-04-05,2026,14,202614,202614,S14,OK_PRODUCTION,CALCULATED,,,,SYNTHETIC,,,,plan_t_simplanifpoi
999999,06028116711CD,900100004,2025-10-12,2025-01-07,2025-06-13,2026-03-09,2025-12-15,2026-03-09,2026,11,202611,202611,S11,FIL,CALCULATED,,,,SYNTHETIC,,,,plan_t_simplanifpoi
999999,04359109216CD,900100005,2025-10-12,2025-06-09,2025-08-09,2025-12-11,2025-04-15,2025-12-11,2025,50,202550,202550,S50,FIL,CALCULATED,,,,SYNTHETIC,,,,plan_t_simplanifpoi
999999,01028119751CD,900100006,2025-04-05,2026-01-25,2025-04-10,2026-01-03,2025-12-19,2026-01-25,2026,4,202604,202604,S04,TISSU_SEC,CALCULATED,,,,SYNTHETIC,,,,plan_t_simplanifpoi
999999,01107117267CD,900100007,2025-09-28,2025-02-14,2026-04-16,2025-05-08,2026-01-23,2026-04-16,2026,16,202616,202616,S16,FOURNITURE,CALCULATED,,,,SYNTHETIC,,,,plan_t_simplanifpoi
999999,05376117751CD,900100008,2025-03-22,2025-10-28,2026-01-06,2025-07-16,2025-03-13,2026-01-06,2026,2,202602,202602,S02,FOURNITURE,CALCULATED,,,,SYNTHETIC,,,,plan_t_simplanifpoi
999999,02028104716CD,900100009,2025-02-16,2025-08-22,2025-10-24,2025-03-23,2025-08-27,2025-10-24,2025,43,202543,202543,S43,FOURNITURE,CALCULATED,,,,SYNTHETIC,,,,plan_t_simplanifpoi
999999,01028119493CD,900100010,2025-04-14,2026-01-25,2025-10-12,2026-04-10,2026-01-09,2026-04-10,2026,15,202615,202615,S15,FIL,CALCULATED,,,,SYNTHETIC,,,,plan_t_simplanifpoi
999999,01393114512CD,900100011,2025-06-16,2026-01-15,2025-12-30,2025-08-03,2025-10-01,2026-01-15,2026,3,202603,202603,S03,TISSU_SEC,CALCULATED,,,,SYNTHETIC,,,,plan_t_simplanifpoi
999999,01359104088CD,900100012,2025-03-15,2025-06-25,2025-09-08,2025-06-17,2026-04-19,2026-04-19,2026,16,202616,202616,S16,OK_PRODUCTION,CALCULATED,,,,SYNTHETIC,,,,plan_t_simplanifpoi
999999,01376114179CD,900100013,2026-01-24,2025-10-04,2025-08-13,2025-11-29,2025-02-27,2026-01-24,2026,4,202604,202604,S04,TISSU,CALCULATED,,,,SYNTHETIC,,,,plan_t_simplanifpoi
999999,01028105996CD,900100014,2025-08-23,2025-02-02,2025-11-20,2026-02-15,2025-10-02,2026-02-15,2026,7,202607,202607,S07,FIL,CALCULATED,,,,SYNTHETIC,,,,plan_t_simplanifpoi
999999,07028116625CD,900100015,2025-03-09,2025-08-05,2025-11-19,2025-08-06,2026-05-27,2026-05-27,2026,22,202622,202622,S22,OK_PRODUCTION,CALCULATED,,,,SYNTHETIC,,,,plan_t_simplanifpoi
999999,01001122679CD,900100016,2026-02-10,2026-04-15,2025-05-27,2025-09-29,2025-05-23,2026-04-15,2026,16,202616,202616,S16,TISSU_SEC,CALCULATED,,,,SYNTHETIC,,,,plan_t_simplanifpoi
999999,01359115736CD,900100017,2025-09-10,2025-09-27,2026-03-15,2026-02-13,2026-01-06,2026-03-15,2026,11,202611,202611,S11,FOURNITURE,CALCULATED,,,,SYNTHETIC,,,,plan_t_simplanifpoi
999999,01140105929CD,900100018,2025-08-13,2025-05-22,2026-06-06,2026-05-21,2025-04-04,2026-06-06,2026,23,202623,202623,S23,FOURNITURE,CALCULATED,,,,SYNTHETIC,,,,plan_t_simplanifpoi
999999,01028116730CD,900100019,2025-02-18,2025-04-23,2025-06-06,2025-06-13,2026-03-09,2026-03-09,2026,11,202611,202611,S11,OK_PRODUCTION,CALCULATED,,,,SYNTHETIC,,,,plan_t_simplanifpoi
999999,01110113127CD,900100020,2025-03-07,2026-01-30,2026-01-26,2026-04-25,2026-06-26,2026-06-26,2026,26,202626,202626,S26,OK_PRODUCTION,CALCULATED,,,,SYNTHETIC,,,,plan_t_simplanifpoi
999999,02110122253CD,900100021,2025-09-15,2025-01-12,2025-04-28,2025-10-01,2025-12-15,2025-12-15,2025,51,202551,202551,S51,OK_PRODUCTION,CALCULATED,,,,SYNTHETIC,,,,plan_t_simplanifpoi
999999,05084104421CD,900100022,2025-04-25,2025-10-28,2026-03-22,2025-06-11,2026-04-10,2026-04-10,2026,15,202615,202615,S15,OK_PRODUCTION,CALCULATED,,,,SYNTHETIC,,,,plan_t_simplanifpoi
999999,14028114476CD,900100023,2025-01-04,2025-09-27,2026-05-28,2025-07-02,2026-06-04,2026-06-04,2026,23,202623,202623,S23,OK_PRODUCTION,CALCULATED,,,,SYNTHETIC,,,,plan_t_simplanifpoi
999999,01359121187CD,900100024,2025-04-19,2025-11-02,2026-06-04,2025-07-23,2025-06-06,2026-06-04,2026,23,202623,202623,S23,FOURNITURE,CALCULATED,,,,SYNTHETIC,,,,plan_t_simplanifpoi
999999,02084108484CD,900100025,2026-01-18,2025-06-15,2026-06-28,2025-01-01,2025-11-28,2026-06-28,2026,26,202626,202626,S26,FOURNITURE,CALCULATED,,,,SYNTHETIC,,,,plan_t_simplanifpoi
999999,01337107492CD,900100026,2026-05-16,2025-01-20,2025-04-25,2026-01-07,2025-11-11,2026-05-16,2026,20,202620,202620,S20,TISSU,CALCULATED,,,,SYNTHETIC,,,,plan_t_simplanifpoi
999999,01001102088CD,900100027,2025-09-03,2025-03-01,2025-09-04,2025-03-22,2025-03-29,2025-09-04,2025,36,202536,202536,S36,FOURNITURE,CALCULATED,,,,SYNTHETIC,,,,plan_t_simplanifpoi
999999,01359109897CD,900100028,2026-05-13,2025-03-12,2026-06-30,2025-05-09,2025-05-12,2026-06-30,2026,27,202627,202627,S27,FOURNITURE,CALCULATED,,,,SYNTHETIC,,,,plan_t_simplanifpoi
999999,01359108103CD,900100029,2026-05-02,2025-06-19,2025-09-29,2026-06-25,2026-03-10,2026-06-25,2026,26,202626,202626,S26,FIL,CALCULATED,,,,SYNTHETIC,,,,plan_t_simplanifpoi
999999,01359114212CD,900100030,2025-08-05,2025-07-25,2025-11-16,2026-02-13,2026-01-18,2026-02-13,2026,7,202607,202607,S07,FIL,CALCULATED,,,,SYNTHETIC,,,,plan_t_simplanifpoi
999999,01359118377CD,900100031,2026-03-25,2026-06-14,2026-04-08,2025-05-04,2025-09-11,2026-06-14,2026,24,202624,202624,S24,TISSU_SEC,CALCULATED,,,,SYNTHETIC,,,,plan_t_simplanifpoi
999999,01337102550CD,900100032,2025-08-19,2025-03-07,2025-12-13,2025-01-22,2025-08-24,2025-12-13,2025,50,202550,202550,S50,FOURNITURE,CALCULATED,,,,SYNTHETIC,,,,plan_t_simplanifpoi
999999,01359113979CD,900100033,2025-08-14,2025-01-08,2025-03-14,2025-03-02,2025-08-23,2025-08-23,2025,34,202534,202534,S34,OK_PRODUCTION,CALCULATED,,,,SYNTHETIC,,,,plan_t_simplanifpoi
999999,01359105534CD,900100034,2025-03-11,2025-02-02,2025-12-05,2025-03-14,2026-06-11,2026-06-11,2026,24,202624,202624,S24,OK_PRODUCTION,CALCULATED,,,,SYNTHETIC,,,,plan_t_simplanifpoi
999999,01028111447CD,900100035,2025-09-01,2025-10-13,2026-05-13,2025-08-08,2025-05-16,2026-05-13,2026,20,202620,202620,S20,FOURNITURE,CALCULATED,,,,SYNTHETIC,,,,plan_t_simplanifpoi
999999,01084111391CD,900100036,2026-04-30,2025-09-06,2026-04-30,2026-02-21,2025-07-14,2026-04-30,2026,18,202618,202618,S18,TISSU;FOURNITURE,CALCULATED,,,,SYNTHETIC,,,,plan_t_simplanifpoi
999999,06385106362CD,900100037,2025-04-07,2025-04-10,2026-03-18,2025-12-29,2026-03-10,2026-03-18,2026,12,202612,202612,S12,FOURNITURE,CALCULATED,,,,SYNTHETIC,,,,plan_t_simplanifpoi
999999,01107106556CD,900100038,2026-02-25,2026-04-24,2025-02-25,2025-04-11,2025-03-04,2026-04-24,2026,17,202617,202617,S17,TISSU_SEC,CALCULATED,,,,SYNTHETIC,,,,plan_t_simplanifpoi
999999,01028109939CD,900100039,2026-02-17,2025-12-14,2025-04-22,2025-09-12,2025-07-16,2026-02-17,2026,8,202608,202608,S08,TISSU,CALCULATED,,,,SYNTHETIC,,,,plan_t_simplanifpoi
999999,04028104589CD,900100040,2025-07-14,2026-04-05,2025-05-24,2026-03-09,2025-07-07,2026-04-05,2026,14,202614,202614,S14,TISSU_SEC,CALCULATED,,,,SYNTHETIC,,,,plan_t_simplanifpoi
999999,05028114654CD,900100041,2025-10-13,2026-04-19,2025-09-13,2025-03-19,2026-03-30,2026-04-19,2026,16,202616,202616,S16,TISSU_SEC,CALCULATED,,,,SYNTHETIC,,,,plan_t_simplanifpoi
999999,01110106545CD,900100042,2025-04-11,2025-02-21,2025-01-16,2025-04-06,2025-08-31,2025-08-31,2025,35,202535,202535,S35,OK_PRODUCTION,CALCULATED,,,,SYNTHETIC,,,,plan_t_simplanifpoi
999999,03107114904CD,900100043,2025-06-20,2026-02-21,2026-05-13,2026-05-08,2025-08-07,2026-05-13,2026,20,202620,202620,S20,FOURNITURE,CALCULATED,,,,SYNTHETIC,,,,plan_t_simplanifpoi
999999,02084108558CD,900100044,2026-02-15,2025-03-02,2025-06-18,2026-01-24,2025-01-03,2026-02-15,2026,7,202607,202607,S07,TISSU,CALCULATED,,,,SYNTHETIC,,,,plan_t_simplanifpoi
999999,01412121412CD,900100045,2026-02-04,2025-09-29,2026-04-11,2025-10-20,2026-03-10,2026-04-11,2026,15,202615,202615,S15,FOURNITURE,CALCULATED,,,,SYNTHETIC,,,,plan_t_simplanifpoi
999999,05107106517CD,900100046,2026-05-14,2025-06-08,2025-07-14,2025-10-31,2025-08-11,2026-05-14,2026,20,202620,202620,S20,TISSU,CALCULATED,,,,SYNTHETIC,,,,plan_t_simplanifpoi
999999,09028117883CD,900100047,2025-03-01,2025-03-04,2025-11-18,2025-02-28,2025-02-21,2025-11-18,2025,47,202547,202547,S47,FOURNITURE,CALCULATED,,,,SYNTHETIC,,,,plan_t_simplanifpoi
999999,01396115924CD,900100048,2026-05-04,2026-05-30,2026-06-28,2025-06-11,2025-02-28,2026-06-28,2026,26,202626,202626,S26,FOURNITURE,CALCULATED,,,,SYNTHETIC,,,,plan_t_simplanifpoi
999999,07110109681CD,900100049,2026-06-05,2025-03-24,2025-07-10,2025-03-12,2025-03-11,2026-06-05,2026,23,202623,202623,S23,TISSU,CALCULATED,,,,SYNTHETIC,,,,plan_t_simplanifpoi
999999,08110116742CD,900100050,2025-08-29,2026-02-18,2025-05-03,2025-09-10,2025-02-10,2026-02-18,2026,8,202608,202608,S08,TISSU_SEC,CALCULATED,,,,SYNTHETIC,,,,plan_t_simplanifpoi
999999,01396119784CD,900100051,2025-03-25,2026-03-06,2026-06-20,2025-11-20,2025-09-25,2026-06-20,2026,25,202625,202625,S25,FOURNITURE,CALCULATED,,,,SYNTHETIC,,,,plan_t_simplanifpoi
999999,01107122502CD,900100052,2025-07-29,2025-11-18,2025-09-02,2025-09-29,2026-02-10,2026-02-10,2026,7,202607,202607,S07,OK_PRODUCTION,CALCULATED,,,,SYNTHETIC,,,,plan_t_simplanifpoi
999999,01359121818CD,900100053,2025-05-15,2025-11-04,2026-04-14,2025-11-20,2025-03-16,2026-04-14,2026,16,202616,202616,S16,FOURNITURE,CALCULATED,,,,SYNTHETIC,,,,plan_t_simplanifpoi
999999,02396121295CD,900100054,2025-01-10,2026-04-15,2025-04-13,2025-03-17,2025-08-07,2026-04-15,2026,16,202616,202616,S16,TISSU_SEC,CALCULATED,,,,SYNTHETIC,,,,plan_t_simplanifpoi
999999,01396118638CD,900100055,2026-06-03,2025-09-29,2025-05-16,2025-12-24,2025-03-12,2026-06-03,2026,23,202623,202623,S23,TISSU,CALCULATED,,,,SYNTHETIC,,,,plan_t_simplanifpoi
999999,1938597974CD,900100056,2025-09-08,2026-01-14,2025-10-19,2025-06-11,2026-03-25,2026-03-25,2026,13,202613,202613,S13,OK_PRODUCTION,CALCULATED,,,,SYNTHETIC,,,,plan_t_simplanifpoi
999999,01359110571CD,900100057,2025-11-06,2026-06-26,2025-01-09,2025-11-03,2025-04-17,2026-06-26,2026,26,202626,202626,S26,TISSU_SEC,CALCULATED,,,,SYNTHETIC,,,,plan_t_simplanifpoi
999999,01140120621CD,900100058,2025-05-18,2025-09-28,2025-04-29,2025-04-20,2025-06-09,2025-09-28,2025,39,202539,202539,S39,TISSU_SEC,CALCULATED,,,,SYNTHETIC,,,,plan_t_simplanifpoi
999999,06359108829CD,900100059,2025-10-06,2025-10-16,2025-08-04,2025-12-18,2025-07-28,2025-12-18,2025,51,202551,202551,S51,FIL,CALCULATED,,,,SYNTHETIC,,,,plan_t_simplanifpoi
999999,09396118529CD,900100060,2025-09-28,2026-06-02,2026-05-16,2025-09-15,2025-02-22,2026-06-02,2026,23,202623,202623,S23,TISSU_SEC,CALCULATED,,,,SYNTHETIC,,,,plan_t_simplanifpoi
999999,03359121925CD,900100061,2025-04-05,2026-03-10,2025-10-11,2025-02-15,2025-01-04,2026-03-10,2026,11,202611,202611,S11,TISSU_SEC,CALCULATED,,,,SYNTHETIC,,,,plan_t_simplanifpoi
999999,05020113256CD,900100062,2025-12-08,2025-05-14,2025-09-26,2025-06-15,2026-03-29,2026-03-29,2026,13,202613,202613,S13,OK_PRODUCTION,CALCULATED,,,,SYNTHETIC,,,,plan_t_simplanifpoi
999999,01028120941CD,900100063,2026-03-14,2025-01-10,2025-04-25,2025-03-19,2025-06-02,2026-03-14,2026,11,202611,202611,S11,TISSU,CALCULATED,,,,SYNTHETIC,,,,plan_t_simplanifpoi
999999,01361117295CD,900100064,2025-02-06,2026-01-14,2025-06-01,2026-03-17,2025-05-11,2026-03-17,2026,12,202612,202612,S12,FIL,CALCULATED,,,,SYNTHETIC,,,,plan_t_simplanifpoi
999999,01359113140CD,900100065,2025-02-12,2025-11-12,2026-01-09,2025-02-10,2026-01-02,2026-01-09,2026,2,202602,202602,S02,FOURNITURE,CALCULATED,,,,SYNTHETIC,,,,plan_t_simplanifpoi
999999,01001114586CD,900100066,2025-08-04,2025-09-13,2025-04-16,2025-12-29,2026-02-21,2026-02-21,2026,8,202608,202608,S08,OK_PRODUCTION,CALCULATED,,,,SYNTHETIC,,,,plan_t_simplanifpoi
999999,02400107536CD,900100067,2025-06-08,2025-08-31,2025-06-16,2025-07-01,2026-02-27,2026-02-27,2026,9,202609,202609,S09,OK_PRODUCTION,CALCULATED,,,,SYNTHETIC,,,,plan_t_simplanifpoi
999999,02084121366CD,900100068,2025-01-26,2025-07-03,2025-12-07,2026-02-26,2025-09-12,2026-02-26,2026,9,202609,202609,S09,FIL,CALCULATED,,,,SYNTHETIC,,,,plan_t_simplanifpoi
999999,02110122273CD,900100069,2025-10-01,2025-06-13,2025-04-21,2026-01-27,2025-02-09,2026-01-27,2026,5,202605,202605,S05,FIL,CALCULATED,,,,SYNTHETIC,,,,plan_t_simplanifpoi
999999,03359118377CD,900100070,2026-04-27,2025-08-16,2025-07-24,2026-04-17,2025-12-25,2026-04-27,2026,18,202618,202618,S18,TISSU,CALCULATED,,,,SYNTHETIC,,,,plan_t_simplanifpoi
999999,01028103950CD,900100071,2025-11-09,2025-08-22,2025-08-17,2025-01-25,2025-07-17,2025-11-09,2025,45,202545,202545,S45,TISSU,CALCULATED,,,,SYNTHETIC,,,,plan_t_simplanifpoi
999999,04034105251CD,900100072,2026-02-13,2025-12-03,2025-10-13,2025-03-13,2025-10-13,2026-02-13,2026,7,202607,202607,S07,TISSU,CALCULATED,,,,SYNTHETIC,,,,plan_t_simplanifpoi
999999,06359100923CD,900100073,2025-12-26,2026-06-06,2026-02-14,2025-12-06,2025-01-29,2026-06-06,2026,23,202623,202623,S23,TISSU_SEC,CALCULATED,,,,SYNTHETIC,,,,plan_t_simplanifpoi
999999,01020115570CD,900100074,2025-04-29,2025-09-25,2025-07-02,2025-09-29,2025-02-09,2025-09-29,2025,40,202540,202540,S40,FIL,CALCULATED,,,,SYNTHETIC,,,,plan_t_simplanifpoi
999999,01359119354CD,900100075,2025-04-22,2026-03-21,2025-12-20,2025-11-18,2026-03-23,2026-03-23,2026,13,202613,202613,S13,OK_PRODUCTION,CALCULATED,,,,SYNTHETIC,,,,plan_t_simplanifpoi
999999,01337106189CD,900100076,2026-06-08,2025-04-29,2026-01-30,2025-07-14,2025-09-18,2026-06-08,2026,24,202624,202624,S24,TISSU,CALCULATED,,,,SYNTHETIC,,,,plan_t_simplanifpoi
999999,01355116378CD,900100077,2025-02-15,2026-03-23,2025-01-02,2026-06-17,2025-07-21,2026-06-17,2026,25,202625,202625,S25,FIL,CALCULATED,,,,SYNTHETIC,,,,plan_t_simplanifpoi
999999,03359121737CD,900100078,2026-01-08,2026-03-18,2025-03-13,2025-12-05,2025-11-18,2026-03-18,2026,12,202612,202612,S12,TISSU_SEC,CALCULATED,,,,SYNTHETIC,,,,plan_t_simplanifpoi
999999,01359118794CD,900100079,2025-05-08,2025-11-04,2026-06-04,2025-11-13,2026-02-23,2026-06-04,2026,23,202623,202623,S23,FOURNITURE,CALCULATED,,,,SYNTHETIC,,,,plan_t_simplanifpoi
999999,01359103718CD,900100080,2025-12-01,2026-02-17,2025-10-30,2025-05-11,2025-07-16,2026-02-17,2026,8,202608,202608,S08,TISSU_SEC,CALCULATED,,,,SYNTHETIC,,,,plan_t_simplanifpoi
999999,01084122012CD,900100081,2026-03-07,2026-01-24,2025-06-28,2025-11-05,2026-02-20,2026-03-07,2026,10,202610,202610,S10,TISSU,CALCULATED,,,,SYNTHETIC,,,,plan_t_simplanifpoi
999999,01084103755CD,900100082,2025-01-01,2025-11-08,2025-10-21,2025-08-04,2026-03-17,2026-03-17,2026,12,202612,202612,S12,OK_PRODUCTION,CALCULATED,,,,SYNTHETIC,,,,plan_t_simplanifpoi
999999,06028119146CD,900100083,2025-11-26,2026-04-22,2026-03-29,2026-03-29,2025-08-07,2026-04-22,2026,17,202617,202617,S17,TISSU_SEC,CALCULATED,,,,SYNTHETIC,,,,plan_t_simplanifpoi
999999,08296116296CD,900100084,2026-06-08,2026-04-30,2025-06-23,2025-03-28,2025-10-18,2026-06-08,2026,24,202624,202624,S24,TISSU,CALCULATED,,,,SYNTHETIC,,,,plan_t_simplanifpoi
999999,07084101848CD,900100085,2026-06-12,2025-12-10,2025-04-06,2025-08-29,2025-11-14,2026-06-12,2026,24,202624,202624,S24,TISSU,CALCULATED,,,,SYNTHETIC,,,,plan_t_simplanifpoi
999999,02359121793CD,900100086,2025-08-19,2025-07-23,2025-05-31,2025-01-26,2025-02-17,2025-08-19,2025,34,202534,202534,S34,TISSU,CALCULATED,,,,SYNTHETIC,,,,plan_t_simplanifpoi
999999,01140121749CD,900100087,2025-09-08,2026-05-02,2025-03-16,2026-04-12,2026-03-01,2026-05-02,2026,18,202618,202618,S18,TISSU_SEC,CALCULATED,,,,SYNTHETIC,,,,plan_t_simplanifpoi
999999,02084110526CD,900100088,2025-07-19,2026-01-29,2026-05-22,2026-02-14,2025-09-07,2026-05-22,2026,21,202621,202621,S21,FOURNITURE,CALCULATED,,,,SYNTHETIC,,,,plan_t_simplanifpoi
999999,01337103439CD,900100089,2025-06-01,2025-01-06,2025-04-20,2026-03-12,2025-08-13,2026-03-12,2026,11,202611,202611,S11,FIL,CALCULATED,,,,SYNTHETIC,,,,plan_t_simplanifpoi
999999,0133898080CD,900100090,2025-06-30,2026-06-15,2026-04-21,2025-02-21,2025-09-13,2026-06-15,2026,25,202625,202625,S25,TISSU_SEC,CALCULATED,,,,SYNTHETIC,,,,plan_t_simplanifpoi
999999,02028122003CD,900100091,2025-05-05,2026-04-13,2025-05-17,2026-04-21,2026-06-28,2026-06-28,2026,26,202626,202626,S26,OK_PRODUCTION,CALCULATED,,,,SYNTHETIC,,,,plan_t_simplanifpoi
999999,01028122582CD,900100092,2025-11-21,2026-03-30,2026-06-01,2026-03-13,2026-04-02,2026-06-01,2026,23,202623,202623,S23,FOURNITURE,CALCULATED,,,,SYNTHETIC,,,,plan_t_simplanifpoi
999999,01393114574CD,900100093,2025-06-12,2026-05-02,2026-04-06,2025-09-23,2025-09-11,2026-05-02,2026,18,202618,202618,S18,TISSU_SEC,CALCULATED,,,,SYNTHETIC,,,,plan_t_simplanifpoi
999999,02140116166CD,900100094,2025-10-11,2026-06-18,2026-05-12,2025-09-02,2025-10-09,2026-06-18,2026,25,202625,202625,S25,TISSU_SEC,CALCULATED,,,,SYNTHETIC,,,,plan_t_simplanifpoi
999999,01084114955CD,900100095,2026-03-27,2025-03-21,2025-10-20,2025-08-29,2025-10-06,2026-03-27,2026,13,202613,202613,S13,TISSU,CALCULATED,,,,SYNTHETIC,,,,plan_t_simplanifpoi
999999,01359109213CD,900100096,2025-12-10,2025-11-24,2025-03-24,2025-05-22,2025-06-04,2025-12-10,2025,50,202550,202550,S50,TISSU,CALCULATED,,,,SYNTHETIC,,,,plan_t_simplanifpoi
999999,01359102778CD,900100097,2025-08-25,2026-01-28,2025-06-06,2025-08-08,2025-03-07,2026-01-28,2026,5,202605,202605,S05,TISSU_SEC,CALCULATED,,,,SYNTHETIC,,,,plan_t_simplanifpoi
999999,01140108141CD,900100098,2026-03-01,2026-02-22,2025-12-05,2026-04-23,2026-03-02,2026-04-23,2026,17,202617,202617,S17,FIL,CALCULATED,,,,SYNTHETIC,,,,plan_t_simplanifpoi
999999,01107106560CD,900100099,2025-03-05,2025-07-31,2026-03-07,2026-02-03,2025-01-21,2026-03-07,2026,10,202610,202610,S10,FOURNITURE,CALCULATED,,,,SYNTHETIC,,,,plan_t_simplanifpoi
999999,02028120969CD,900100100,2026-01-25,2026-05-04,2025-01-07,2025-12-27,2025-11-02,2026-05-04,2026,19,202619,202619,S19,TISSU_SEC,CALCULATED,,,,SYNTHETIC,,,,plan_t_simplanifpoi
999999,01084106112CD,900100101,2026-02-04,2026-03-06,2025-08-14,2026-05-15,2025-08-13,2026-05-15,2026,20,202620,202620,S20,FIL,CALCULATED,,,,SYNTHETIC,,,,plan_t_simplanifpoi
999999,01110122314CD,900100102,2025-10-07,2026-03-23,2026-05-13,2025-01-30,2026-02-03,2026-05-13,2026,20,202620,202620,S20,FOURNITURE,CALCULATED,,,,SYNTHETIC,,,,plan_t_simplanifpoi
999999,03028111333CD,900100103,2025-12-11,2026-02-19,2025-06-19,2026-04-24,2025-05-11,2026-04-24,2026,17,202617,202617,S17,FIL,CALCULATED,,,,SYNTHETIC,,,,plan_t_simplanifpoi
999999,0136195969CD,900100104,2025-01-28,2026-02-08,2025-01-28,2025-03-27,2026-03-15,2026-03-15,2026,11,202611,202611,S11,OK_PRODUCTION,CALCULATED,,,,SYNTHETIC,,,,plan_t_simplanifpoi
999999,01359107316CD,900100105,2025-05-19,2026-04-18,2025-07-06,2025-02-21,2025-09-24,2026-04-18,2026,16,202616,202616,S16,TISSU_SEC,CALCULATED,,,,SYNTHETIC,,,,plan_t_simplanifpoi
999999,01359112679CD,900100106,2026-01-24,2025-12-02,2025-08-05,2026-04-11,2025-12-01,2026-04-11,2026,15,202615,202615,S15,FIL,CALCULATED,,,,SYNTHETIC,,,,plan_t_simplanifpoi
999999,01359102781CD,900100107,2025-12-12,2026-01-24,2025-10-12,2026-03-08,2025-09-16,2026-03-08,2026,10,202610,202610,S10,FIL,CALCULATED,,,,SYNTHETIC,,,,plan_t_simplanifpoi
999999,23020115979CD,900100108,2025-03-25,2026-04-27,2025-01-20,2025-02-23,2025-12-25,2026-04-27,2026,18,202618,202618,S18,TISSU_SEC,CALCULATED,,,,SYNTHETIC,,,,plan_t_simplanifpoi
999999,01084120596CD,900100109,2025-08-18,2025-03-12,2025-02-11,2025-02-01,2025-09-11,2025-09-11,2025,37,202537,202537,S37,OK_PRODUCTION,CALCULATED,,,,SYNTHETIC,,,,plan_t_simplanifpoi
999999,01314107692CD,900100110,2025-07-24,2025-01-21,2025-06-06,2025-09-02,2025-05-10,2025-09-02,2025,36,202536,202536,S36,FIL,CALCULATED,,,,SYNTHETIC,,,,plan_t_simplanifpoi
999999,01084112560CD,900100111,2026-04-30,2025-04-28,2025-08-12,2026-04-22,2025-09-20,2026-04-30,2026,18,202618,202618,S18,TISSU,CALCULATED,,,,SYNTHETIC,,,,plan_t_simplanifpoi
999999,02084104693CD,900100112,2026-01-13,2025-06-21,2025-04-28,2025-06-17,2025-11-15,2026-01-13,2026,3,202603,202603,S03,TISSU,CALCULATED,,,,SYNTHETIC,,,,plan_t_simplanifpoi
999999,01084122264CD,900100113,2025-04-21,2025-01-27,2025-11-16,2026-01-20,2026-02-11,2026-02-11,2026,7,202607,202607,S07,OK_PRODUCTION,CALCULATED,,,,SYNTHETIC,,,,plan_t_simplanifpoi
999999,01359106258CD,900100114,2025-07-23,2025-03-19,2025-09-06,2025-04-15,2025-11-05,2025-11-05,2025,45,202545,202545,S45,OK_PRODUCTION,CALCULATED,,,,SYNTHETIC,,,,plan_t_simplanifpoi
999999,02140106223CD,900100115,2025-05-04,2025-02-12,2025-12-22,2026-06-30,2026-03-15,2026-06-30,2026,27,202627,202627,S27,FIL,CALCULATED,,,,SYNTHETIC,,,,plan_t_simplanifpoi
999999,04107108755CD,900100116,2026-01-15,2025-03-12,2026-06-03,2025-12-16,2025-01-13,2026-06-03,2026,23,202623,202623,S23,FOURNITURE,CALCULATED,,,,SYNTHETIC,,,,plan_t_simplanifpoi
999999,01359102840CD,900100117,2026-03-07,2026-05-17,2025-04-19,2026-03-20,2026-01-06,2026-05-17,2026,20,202620,202620,S20,TISSU_SEC,CALCULATED,,,,SYNTHETIC,,,,plan_t_simplanifpoi
999999,01385108806CD,900100118,2026-04-16,2025-06-06,2026-03-22,2025-06-30,2026-06-19,2026-06-19,2026,25,202625,202625,S25,OK_PRODUCTION,CALCULATED,,,,SYNTHETIC,,,,plan_t_simplanifpoi
999999,01400117071CD,900100119,2025-10-04,2026-05-11,2026-04-22,2026-03-23,2025-10-02,2026-05-11,2026,20,202620,202620,S20,TISSU_SEC,CALCULATED,,,,SYNTHETIC,,,,plan_t_simplanifpoi
999999,01020116009CD,900100120,2025-11-27,2025-09-09,2025-03-30,2025-10-13,2026-04-07,2026-04-07,2026,15,202615,202615,S15,OK_PRODUCTION,CALCULATED,,,,SYNTHETIC,,,,plan_t_simplanifpoi
999999,05107101756CD,900100121,2025-09-07,2026-04-21,2026-01-24,2025-12-11,2025-01-30,2026-04-21,2026,17,202617,202617,S17,TISSU_SEC,CALCULATED,,,,SYNTHETIC,,,,plan_t_simplanifpoi
999999,01084122033CD,900100122,2026-05-22,2025-11-29,2025-07-06,2026-05-15,2025-08-06,2026-05-22,2026,21,202621,202621,S21,TISSU,CALCULATED,,,,SYNTHETIC,,,,plan_t_simplanifpoi
999999,05388107938CD,900100123,2025-12-30,2025-09-22,2025-12-15,2025-10-14,2025-10-10,2025-12-30,2026,1,202601,202601,S01,TISSU,CALCULATED,,,,SYNTHETIC,,,,plan_t_simplanifpoi
999999,03028113547CD,900100124,2025-01-11,2026-06-14,2025-07-15,2025-03-29,2025-09-05,2026-06-14,2026,24,202624,202624,S24,TISSU_SEC,CALCULATED,,,,SYNTHETIC,,,,plan_t_simplanifpoi
999999,01028110320CD,900100125,2026-02-21,2026-05-16,2025-09-04,2026-05-03,2026-05-18,2026-05-18,2026,21,202621,202621,S21,OK_PRODUCTION,CALCULATED,,,,SYNTHETIC,,,,plan_t_simplanifpoi
999999,01359105356CD,900100126,2026-04-04,2025-01-18,2025-04-06,2025-10-29,2025-08-15,2026-04-04,2026,14,202614,202614,S14,TISSU,CALCULATED,,,,SYNTHETIC,,,,plan_t_simplanifpoi
999999,01359103590CD,900100127,2026-02-19,2025-09-07,2025-11-10,2026-01-13,2026-04-30,2026-04-30,2026,18,202618,202618,S18,OK_PRODUCTION,CALCULATED,,,,SYNTHETIC,,,,plan_t_simplanifpoi
999999,01403111274CD,900100128,2026-06-28,2025-12-19,2026-03-12,2025-12-05,2025-12-27,2026-06-28,2026,26,202626,202626,S26,TISSU,CALCULATED,,,,SYNTHETIC,,,,plan_t_simplanifpoi
999999,01110108171CD,900100129,2026-04-10,2025-10-05,2025-11-10,2025-09-15,2025-08-25,2026-04-10,2026,15,202615,202615,S15,TISSU,CALCULATED,,,,SYNTHETIC,,,,plan_t_simplanifpoi
999999,01084114374CD,900100130,2025-05-04,2025-07-17,2025-11-20,2025-05-03,2025-07-09,2025-11-20,2025,47,202547,202547,S47,FOURNITURE,CALCULATED,,,,SYNTHETIC,,,,plan_t_simplanifpoi
999999,01337107495CD,900100131,2025-07-16,2025-08-10,2026-05-11,2025-10-11,2026-06-22,2026-06-22,2026,26,202626,202626,S26,OK_PRODUCTION,CALCULATED,,,,SYNTHETIC,,,,plan_t_simplanifpoi
999999,01001114581CD,900100132,2025-10-17,2025-04-13,2025-07-18,2025-10-31,2025-08-21,2025-10-31,2025,44,202544,202544,S44,FIL,CALCULATED,,,,SYNTHETIC,,,,plan_t_simplanifpoi
999999,03359111557CD,900100133,2026-01-05,2025-07-03,2025-11-06,2025-01-15,2025-05-10,2026-01-05,2026,2,202602,202602,S02,TISSU,CALCULATED,,,,SYNTHETIC,,,,plan_t_simplanifpoi
999999,08407118465CD,900100134,2025-10-08,2025-02-16,2025-02-25,2025-10-27,2025-05-10,2025-10-27,2025,44,202544,202544,S44,FIL,CALCULATED,,,,SYNTHETIC,,,,plan_t_simplanifpoi
999999,01234121585CD,900100135,2026-05-18,2025-04-16,2025-01-13,2025-10-19,2026-04-26,2026-05-18,2026,21,202621,202621,S21,TISSU,CALCULATED,,,,SYNTHETIC,,,,plan_t_simplanifpoi
999999,03359118142CD,900100136,2026-05-06,2026-03-28,2025-12-15,2025-07-08,2025-02-22,2026-05-06,2026,19,202619,202619,S19,TISSU,CALCULATED,,,,SYNTHETIC,,,,plan_t_simplanifpoi
999999,01084112594CD,900100137,2025-09-16,2026-05-05,2025-04-27,2025-03-08,2026-02-15,2026-05-05,2026,19,202619,202619,S19,TISSU_SEC,CALCULATED,,,,SYNTHETIC,,,,plan_t_simplanifpoi
999999,03028119956CD,900100138,2026-05-19,2025-03-17,2025-02-24,2025-06-05,2025-06-02,2026-05-19,2026,21,202621,202621,S21,TISSU,CALCULATED,,,,SYNTHETIC,,,,plan_t_simplanifpoi
999999,03028118979CD,900100139,2025-11-08,2025-03-29,2025-09-12,2025-05-02,2026-03-03,2026-03-03,2026,10,202610,202610,S10,OK_PRODUCTION,CALCULATED,,,,SYNTHETIC,,,,plan_t_simplanifpoi
999999,0136196128CD,900100140,2025-08-20,2026-06-20,2026-01-25,2026-04-07,2026-03-30,2026-06-20,2026,25,202625,202625,S25,TISSU_SEC,CALCULATED,,,,SYNTHETIC,,,,plan_t_simplanifpoi
999999,02234121580CD,900100141,2025-11-01,2026-03-16,2025-11-09,2025-03-03,2025-04-12,2026-03-16,2026,12,202612,202612,S12,TISSU_SEC,CALCULATED,,,,SYNTHETIC,,,,plan_t_simplanifpoi
999999,01359121708CD,900100142,2025-08-01,2025-08-05,2025-09-28,2025-03-25,2025-06-10,2025-09-28,2025,39,202539,202539,S39,FOURNITURE,CALCULATED,,,,SYNTHETIC,,,,plan_t_simplanifpoi
999999,01376122015CD,900100143,2025-09-03,2025-06-27,2025-03-18,2025-06-10,2025-01-03,2025-09-03,2025,36,202536,202536,S36,TISSU,CALCULATED,,,,SYNTHETIC,,,,plan_t_simplanifpoi
999999,04359111569CD,900100144,2026-02-23,2026-04-07,2026-04-27,2025-10-26,2025-02-03,2026-04-27,2026,18,202618,202618,S18,FOURNITURE,CALCULATED,,,,SYNTHETIC,,,,plan_t_simplanifpoi
999999,01393114575CD,900100145,2025-08-26,2025-10-23,2025-10-17,2026-04-10,2025-03-14,2026-04-10,2026,15,202615,202615,S15,FIL,CALCULATED,,,,SYNTHETIC,,,,plan_t_simplanifpoi
999999,01393114511CD,900100146,2025-08-28,2025-09-28,2025-07-22,2026-03-12,2025-04-28,2026-03-12,2026,11,202611,202611,S11,FIL,CALCULATED,,,,SYNTHETIC,,,,plan_t_simplanifpoi
999999,02028121111CD,900100147,2025-08-19,2025-06-02,2025-09-30,2025-05-26,2025-03-15,2025-09-30,2025,40,202540,202540,S40,FOURNITURE,CALCULATED,,,,SYNTHETIC,,,,plan_t_simplanifpoi
999999,01140105149CD,900100148,2025-03-03,2025-06-19,2025-11-11,2025-10-23,2026-03-26,2026-03-26,2026,13,202613,202613,S13,OK_PRODUCTION,CALCULATED,,,,SYNTHETIC,,,,plan_t_simplanifpoi
999999,06107110421CD,900100149,2025-05-08,2026-04-25,2025-11-08,2026-02-17,2025-10-06,2026-04-25,2026,17,202617,202617,S17,TISSU_SEC,CALCULATED,,,,SYNTHETIC,,,,plan_t_simplanifpoi
999999,02359118113CD,900100150,2026-05-28,2026-05-21,2026-03-25,2025-03-24,2025-02-10,2026-05-28,2026,22,202622,202622,S22,TISSU,CALCULATED,,,,SYNTHETIC,,,,plan_t_simplanifpoi
999999,01359114165CD,900100151,2026-03-19,2025-11-27,2025-09-14,2025-01-27,2025-04-04,2026-03-19,2026,12,202612,202612,S12,TISSU,CALCULATED,,,,SYNTHETIC,,,,plan_t_simplanifpoi
999999,0233895318CD,900100152,2025-08-23,2025-01-22,2025-10-03,2025-02-11,2025-06-29,2025-10-03,2025,40,202540,202540,S40,FOURNITURE,CALCULATED,,,,SYNTHETIC,,,,plan_t_simplanifpoi
999999,03359112942CD,900100153,2026-04-27,2026-06-16,2026-03-29,2025-10-12,2025-07-05,2026-06-16,2026,25,202625,202625,S25,TISSU_SEC,CALCULATED,,,,SYNTHETIC,,,,plan_t_simplanifpoi
999999,01359120170CD,900100154,2026-03-23,2026-05-19,2025-04-04,2026-04-27,2025-12-23,2026-05-19,2026,21,202621,202621,S21,TISSU_SEC,CALCULATED,,,,SYNTHETIC,,,,plan_t_simplanifpoi
999999,0135498885CD,900100155,2026-02-23,2025-12-08,2025-11-25,2025-04-18,2025-06-14,2026-02-23,2026,9,202609,202609,S09,TISSU,CALCULATED,,,,SYNTHETIC,,,,plan_t_simplanifpoi
999999,01355112182CD,900100156,2025-12-04,2026-02-26,2026-05-23,2025-10-23,2026-02-15,2026-05-23,2026,21,202621,202621,S21,FOURNITURE,CALCULATED,,,,SYNTHETIC,,,,plan_t_simplanifpoi
999999,01110100444CD,900100157,2025-02-07,2026-04-11,2025-04-01,2025-11-19,2025-09-16,2026-04-11,2026,15,202615,202615,S15,TISSU_SEC,CALCULATED,,,,SYNTHETIC,,,,plan_t_simplanifpoi
999999,01359110032CD,900100158,2025-11-28,2025-04-29,2026-02-18,2026-06-11,2025-01-02,2026-06-11,2026,24,202624,202624,S24,FIL,CALCULATED,,,,SYNTHETIC,,,,plan_t_simplanifpoi
999999,01359106969CD,900100159,2026-04-19,2026-02-28,2025-02-25,2025-07-12,2026-06-15,2026-06-15,2026,25,202625,202625,S25,OK_PRODUCTION,CALCULATED,,,,SYNTHETIC,,,,plan_t_simplanifpoi
999999,01140108133CD,900100160,2026-01-06,2026-05-26,2026-03-29,2025-02-22,2025-07-28,2026-05-26,2026,22,202622,202622,S22,TISSU_SEC,CALCULATED,,,,SYNTHETIC,,,,plan_t_simplanifpoi
999999,04359116399CD,900100161,2025-10-01,2025-05-15,2025-10-22,2026-03-25,2026-05-12,2026-05-12,2026,20,202620,202620,S20,OK_PRODUCTION,CALCULATED,,,,SYNTHETIC,,,,plan_t_simplanifpoi
999999,04359102864CD,900100162,2025-05-05,2025-01-30,2025-09-03,2025-06-12,2025-11-15,2025-11-15,2025,46,202546,202546,S46,OK_PRODUCTION,CALCULATED,,,,SYNTHETIC,,,,plan_t_simplanifpoi
999999,02359118931CD,900100163,2025-01-15,2026-02-22,2025-04-06,2025-08-19,2025-04-27,2026-02-22,2026,8,202608,202608,S08,TISSU_SEC,CALCULATED,,,,SYNTHETIC,,,,plan_t_simplanifpoi
999999,03396121396CD,900100164,2026-04-18,2025-05-01,2025-06-07,2026-05-26,2025-10-26,2026-05-26,2026,22,202622,202622,S22,FIL,CALCULATED,,,,SYNTHETIC,,,,plan_t_simplanifpoi
999999,01001109707CD,900100165,2026-06-06,2025-10-07,2026-03-02,2026-05-10,2026-04-29,2026-06-06,2026,23,202623,202623,S23,TISSU,CALCULATED,,,,SYNTHETIC,,,,plan_t_simplanifpoi
999999,01140101050CD,900100166,2025-09-07,2026-04-13,2025-05-29,2026-01-28,2025-07-15,2026-04-13,2026,16,202616,202616,S16,TISSU_SEC,CALCULATED,,,,SYNTHETIC,,,,plan_t_simplanifpoi
999999,05028118977CD,900100167,2026-06-05,2025-05-20,2025-03-13,2025-10-10,2026-03-01,2026-06-05,2026,23,202623,202623,S23,TISSU,CALCULATED,,,,SYNTHETIC,,,,plan_t_simplanifpoi
999999,11396118715CD,900100168,2025-12-15,2026-06-04,2025-10-01,2025-01-03,2025-10-17,2026-06-04,2026,23,202623,202623,S23,TISSU_SEC,CALCULATED,,,,SYNTHETIC,,,,plan_t_simplanifpoi
999999,01084108660CD,900100169,2025-11-02,2026-05-17,2025-06-02,2026-04-03,2026-05-11,2026-05-17,2026,20,202620,202620,S20,TISSU_SEC,CALCULATED,,,,SYNTHETIC,,,,plan_t_simplanifpoi
999999,01337107384CD,900100170,2025-12-20,2025-12-07,2026-01-22,2026-04-12,2025-11-26,2026-04-12,2026,15,202615,202615,S15,FIL,CALCULATED,,,,SYNTHETIC,,,,plan_t_simplanifpoi
999999,01084111252CD,900100171,2025-07-13,2025-09-02,2026-01-28,2025-08-28,2026-02-25,2026-02-25,2026,9,202609,202609,S09,OK_PRODUCTION,CALCULATED,,,,SYNTHETIC,,,,plan_t_simplanifpoi
999999,01028122003CD,900100172,2025-02-14,2025-11-22,2026-04-30,2026-01-26,2026-01-31,2026-04-30,2026,18,202618,202618,S18,FOURNITURE,CALCULATED,,,,SYNTHETIC,,,,plan_t_simplanifpoi
999999,01001110089CD,900100173,2025-06-05,2026-05-23,2025-02-07,2025-05-10,2026-05-30,2026-05-30,2026,22,202622,202622,S22,OK_PRODUCTION,CALCULATED,,,,SYNTHETIC,,,,plan_t_simplanifpoi
999999,01028110196CD,900100174,2025-12-06,2025-04-13,2026-03-27,2025-04-13,2026-06-23,2026-06-23,2026,26,202626,202626,S26,OK_PRODUCTION,CALCULATED,,,,SYNTHETIC,,,,plan_t_simplanifpoi
999999,02028120940CD,900100175,2026-04-13,2025-01-16,2025-05-28,2026-02-24,2025-06-08,2026-04-13,2026,16,202616,202616,S16,TISSU,CALCULATED,,,,SYNTHETIC,,,,plan_t_simplanifpoi
999999,02359121716CD,900100176,2025-03-18,2026-04-26,2025-09-29,2025-12-13,2026-02-12,2026-04-26,2026,17,202617,202617,S17,TISSU_SEC,CALCULATED,,,,SYNTHETIC,,,,plan_t_simplanifpoi
999999,02110122359CD,900100177,2025-03-24,2025-12-03,2026-01-25,2025-11-21,2026-05-15,2026-05-15,2026,20,202620,202620,S20,OK_PRODUCTION,CALCULATED,,,,SYNTHETIC,,,,plan_t_simplanifpoi
999999,01084117727CD,900100178,2025-02-06,2025-03-12,2025-08-29,2025-10-22,2025-08-21,2025-10-22,2025,43,202543,202543,S43,FIL,CALCULATED,,,,SYNTHETIC,,,,plan_t_simplanifpoi
999999,01359108804CD,900100179,2025-04-03,2026-03-21,2025-04-11,2025-04-13,2026-03-31,2026-03-31,2026,14,202614,202614,S14,OK_PRODUCTION,CALCULATED,,,,SYNTHETIC,,,,plan_t_simplanifpoi
999999,01359104612CD,900100180,2025-06-20,2025-11-03,2025-01-30,2025-02-17,2025-11-29,2025-11-29,2025,48,202548,202548,S48,OK_PRODUCTION,CALCULATED,,,,SYNTHETIC,,,,plan_t_simplanifpoi
999999,01028105856CD,900100181,2025-02-27,2025-10-28,2026-01-03,2026-01-19,2026-03-18,2026-03-18,2026,12,202612,202612,S12,OK_PRODUCTION,CALCULATED,,,,SYNTHETIC,,,,plan_t_simplanifpoi
999999,07084119646CD,900100182,2025-05-30,2025-09-08,2026-06-28,2026-02-26,2025-07-04,2026-06-28,2026,26,202626,202626,S26,FOURNITURE,CALCULATED,,,,SYNTHETIC,,,,plan_t_simplanifpoi
999999,01359109857CD,900100183,2025-06-24,2025-06-29,2025-03-22,2026-01-27,2025-09-04,2026-01-27,2026,5,202605,202605,S05,FIL,CALCULATED,,,,SYNTHETIC,,,,plan_t_simplanifpoi
999999,02028110279CD,900100184,2026-05-25,2025-05-27,2025-08-26,2026-04-18,2025-09-18,2026-05-25,2026,22,202622,202622,S22,TISSU,CALCULATED,,,,SYNTHETIC,,,,plan_t_simplanifpoi
999999,01396121462CD,900100185,2026-04-16,2025-09-19,2025-01-10,2026-04-22,2025-10-22,2026-04-22,2026,17,202617,202617,S17,FIL,CALCULATED,,,,SYNTHETIC,,,,plan_t_simplanifpoi
999999,01407111225CD,900100186,2025-06-11,2025-03-17,2026-03-29,2025-12-20,2025-11-03,2026-03-29,2026,13,202613,202613,S13,FOURNITURE,CALCULATED,,,,SYNTHETIC,,,,plan_t_simplanifpoi
999999,01359113157CD,900100187,2026-03-11,2025-09-14,2026-04-13,2025-11-06,2025-07-23,2026-04-13,2026,16,202616,202616,S16,FOURNITURE,CALCULATED,,,,SYNTHETIC,,,,plan_t_simplanifpoi
999999,08107110177CD,900100188,2026-01-29,2026-05-10,2025-04-20,2025-08-31,2026-01-26,2026-05-10,2026,19,202619,202619,S19,TISSU_SEC,CALCULATED,,,,SYNTHETIC,,,,plan_t_simplanifpoi
999999,01110103071CD,900100189,2026-01-03,2025-10-30,2025-10-30,2025-01-23,2026-02-10,2026-02-10,2026,7,202607,202607,S07,OK_PRODUCTION,CALCULATED,,,,SYNTHETIC,,,,plan_t_simplanifpoi
999999,01359120172CD,900100190,2025-10-09,2025-01-09,2025-02-20,2026-05-24,2025-10-21,2026-05-24,2026,21,202621,202621,S21,FIL,CALCULATED,,,,SYNTHETIC,,,,plan_t_simplanifpoi
999999,0135996883CD,900100191,2025-08-24,2025-12-27,2025-08-13,2025-07-14,2025-09-14,2025-12-27,2025,52,202552,202552,S52,TISSU_SEC,CALCULATED,,,,SYNTHETIC,,,,plan_t_simplanifpoi
999999,02359121882CD,900100192,2025-05-21,2025-04-10,2025-02-10,2025-11-13,2026-03-28,2026-03-28,2026,13,202613,202613,S13,OK_PRODUCTION,CALCULATED,,,,SYNTHETIC,,,,plan_t_simplanifpoi
999999,04396116231CD,900100193,2025-02-04,2026-01-09,2025-05-15,2025-04-03,2025-10-30,2026-01-09,2026,2,202602,202602,S02,TISSU_SEC,CALCULATED,,,,SYNTHETIC,,,,plan_t_simplanifpoi
999999,01359112709CD,900100194,2025-12-01,2026-03-02,2025-06-29,2025-07-25,2025-05-16,2026-03-02,2026,10,202610,202610,S10,TISSU_SEC,CALCULATED,,,,SYNTHETIC,,,,plan_t_simplanifpoi
999999,05395103270CD,900100195,2026-01-10,2026-06-28,2026-05-29,2025-10-07,2025-06-18,2026-06-28,2026,26,202626,202626,S26,TISSU_SEC,CALCULATED,,,,SYNTHETIC,,,,plan_t_simplanifpoi
999999,01084114445CD,900100196,2025-09-21,2026-05-09,2025-10-30,2025-12-13,2025-04-28,2026-05-09,2026,19,202619,202619,S19,TISSU_SEC,CALCULATED,,,,SYNTHETIC,,,,plan_t_simplanifpoi
999999,08110117087CD,900100197,2026-04-25,2025-03-19,2025-05-25,2025-08-20,2026-02-11,2026-04-25,2026,17,202617,202617,S17,TISSU,CALCULATED,,,,SYNTHETIC,,,,plan_t_simplanifpoi
999999,01084122294CD,900100198,2026-01-10,2025-04-03,2026-02-09,2025-01-15,2025-09-28,2026-02-09,2026,7,202607,202607,S07,FOURNITURE,CALCULATED,,,,SYNTHETIC,,,,plan_t_simplanifpoi
999999,04028103687CD,900100199,2025-05-07,2026-04-11,2026-01-13,2025-09-26,2026-01-26,2026-04-11,2026,15,202615,202615,S15,TISSU_SEC,CALCULATED,,,,SYNTHETIC,,,,plan_t_simplanifpoi
999999,01415121355CD,900100200,2026-01-16,2025-04-21,2025-08-28,2026-04-28,2025-01-26,2026-04-28,2026,18,202618,202618,S18,FIL,CALCULATED,,,,SYNTHETIC,,,,plan_t_simplanifpoi
999999,05359107801CD,900100201,2025-12-02,2025-08-15,2025-03-06,2026-04-21,2025-11-06,2026-04-21,2026,17,202617,202617,S17,FIL,CALCULATED,,,,SYNTHETIC,,,,plan_t_simplanifpoi
999999,01359109755CD,900100202,2026-02-23,2025-04-30,2025-05-24,2025-02-16,2025-02-08,2026-02-23,2026,9,202609,202609,S09,TISSU,CALCULATED,,,,SYNTHETIC,,,,plan_t_simplanifpoi
999999,01359108043CD,900100203,2025-11-08,2026-05-20,2025-04-29,2025-04-10,2025-08-29,2026-05-20,2026,21,202621,202621,S21,TISSU_SEC,CALCULATED,,,,SYNTHETIC,,,,plan_t_simplanifpoi
999999,02359121730CD,900100204,2025-05-19,2026-02-02,2026-04-10,2026-01-15,2026-03-06,2026-04-10,2026,15,202615,202615,S15,FOURNITURE,CALCULATED,,,,SYNTHETIC,,,,plan_t_simplanifpoi
999999,01110107795CD,900100205,2025-06-08,2026-03-01,2025-04-12,2026-05-17,2026-02-22,2026-05-17,2026,20,202620,202620,S20,FIL,CALCULATED,,,,SYNTHETIC,,,,plan_t_simplanifpoi
999999,01110117076CD,900100206,2025-10-14,2025-02-03,2026-01-15,2025-08-11,2026-03-31,2026-03-31,2026,14,202614,202614,S14,OK_PRODUCTION,CALCULATED,,,,SYNTHETIC,,,,plan_t_simplanifpoi
999999,01407116240CD,900100207,2026-04-01,2025-08-30,2026-01-07,2025-04-12,2026-01-12,2026-04-01,2026,14,202614,202614,S14,TISSU,CALCULATED,,,,SYNTHETIC,,,,plan_t_simplanifpoi
999999,05140113879CD,900100208,2026-01-03,2025-03-04,2026-02-12,2025-10-10,2025-07-14,2026-02-12,2026,7,202607,202607,S07,FOURNITURE,CALCULATED,,,,SYNTHETIC,,,,plan_t_simplanifpoi
999999,01359109089CD,900100209,2025-05-06,2026-04-11,2025-04-04,2025-08-06,2025-01-22,2026-04-11,2026,15,202615,202615,S15,TISSU_SEC,CALCULATED,,,,SYNTHETIC,,,,plan_t_simplanifpoi
999999,01084107909CD,900100210,2025-02-21,2025-12-08,2025-09-07,2025-05-09,2025-07-30,2025-12-08,2025,50,202550,202550,S50,TISSU_SEC,CALCULATED,,,,SYNTHETIC,,,,plan_t_simplanifpoi
999999,01084113309CD,900100211,2025-03-12,2025-08-01,2025-08-10,2025-08-27,2025-12-03,2025-12-03,2025,49,202549,202549,S49,OK_PRODUCTION,CALCULATED,,,,SYNTHETIC,,,,plan_t_simplanifpoi
999999,01084120738CD,900100212,2025-06-01,2025-01-03,2025-10-11,2025-05-29,2025-05-14,2025-10-11,2025,41,202541,202541,S41,FOURNITURE,CALCULATED,,,,SYNTHETIC,,,,plan_t_simplanifpoi
999999,01361120317CD,900100213,2025-09-14,2025-06-28,2025-04-23,2025-01-27,2025-05-15,2025-09-14,2025,37,202537,202537,S37,TISSU,CALCULATED,,,,SYNTHETIC,,,,plan_t_simplanifpoi
999999,03028122454CD,900100214,2025-01-16,2026-01-02,2025-09-01,2025-11-28,2025-01-17,2026-01-02,2026,1,202601,202601,S01,TISSU_SEC,CALCULATED,,,,SYNTHETIC,,,,plan_t_simplanifpoi
999999,01359102736CD,900100215,2025-06-28,2025-09-29,2025-02-23,2025-05-10,2026-03-08,2026-03-08,2026,10,202610,202610,S10,OK_PRODUCTION,CALCULATED,,,,SYNTHETIC,,,,plan_t_simplanifpoi
999999,01359104330CD,900100216,2026-06-23,2025-04-27,2025-03-07,2026-05-03,2026-04-05,2026-06-23,2026,26,202626,202626,S26,TISSU,CALCULATED,,,,SYNTHETIC,,,,plan_t_simplanifpoi
999999,01020122402CD,900100217,2026-01-06,2026-06-10,2025-04-22,2026-04-08,2026-05-31,2026-06-10,2026,24,202624,202624,S24,TISSU_SEC,CALCULATED,,,,SYNTHETIC,,,,plan_t_simplanifpoi
999999,01020117371CD,900100218,2025-08-15,2025-02-14,2026-06-18,2025-11-05,2026-04-15,2026-06-18,2026,25,202625,202625,S25,FOURNITURE,CALCULATED,,,,SYNTHETIC,,,,plan_t_simplanifpoi
999999,01359112954CD,900100219,2025-02-01,2025-03-04,2026-05-06,2026-02-16,2026-03-13,2026-05-06,2026,19,202619,202619,S19,FOURNITURE,CALCULATED,,,,SYNTHETIC,,,,plan_t_simplanifpoi
999999,02359121837CD,900100220,2025-04-21,2026-05-18,2026-03-31,2025-03-17,2025-03-24,2026-05-18,2026,21,202621,202621,S21,TISSU_SEC,CALCULATED,,,,SYNTHETIC,,,,plan_t_simplanifpoi
999999,03140121202CD,900100221,2025-11-26,2025-06-01,2025-03-09,2025-05-10,2025-10-09,2025-11-26,2025,48,202548,202548,S48,TISSU,CALCULATED,,,,SYNTHETIC,,,,plan_t_simplanifpoi
999999,01028112263CD,900100222,2025-11-29,2026-01-26,2026-06-28,2025-10-29,2026-04-10,2026-06-28,2026,26,202626,202626,S26,FOURNITURE,CALCULATED,,,,SYNTHETIC,,,,plan_t_simplanifpoi
999999,0133897688CD,900100223,2026-06-02,2026-03-17,2025-04-12,2025-04-28,2025-08-09,2026-06-02,2026,23,202623,202623,S23,TISSU,CALCULATED,,,,SYNTHETIC,,,,plan_t_simplanifpoi
999999,01107119387CD,900100224,2026-03-17,2026-04-08,2025-08-22,2026-02-28,2025-12-14,2026-04-08,2026,15,202615,202615,S15,TISSU_SEC,CALCULATED,,,,SYNTHETIC,,,,plan_t_simplanifpoi
999999,01359107320CD,900100225,2026-04-10,2026-02-13,2026-03-02,2025-04-08,2025-11-17,2026-04-10,2026,15,202615,202615,S15,TISSU,CALCULATED,,,,SYNTHETIC,,,,plan_t_simplanifpoi
999999,05020109760CD,900100226,2026-03-14,2025-11-17,2025-09-19,2026-01-19,2025-06-06,2026-03-14,2026,11,202611,202611,S11,TISSU,CALCULATED,,,,SYNTHETIC,,,,plan_t_simplanifpoi
999999,01359116577CD,900100227,2026-05-01,2025-03-10,2025-04-04,2025-03-29,2025-04-06,2026-05-01,2026,18,202618,202618,S18,TISSU,CALCULATED,,,,SYNTHETIC,,,,plan_t_simplanifpoi
999999,01268106458CD,900100228,2026-03-19,2025-04-09,2026-01-17,2025-05-14,2025-03-03,2026-03-19,2026,12,202612,202612,S12,TISSU,CALCULATED,,,,SYNTHETIC,,,,plan_t_simplanifpoi
999999,0108487921CD,900100229,2025-12-04,2025-05-06,2026-02-25,2025-12-29,2026-03-10,2026-03-10,2026,11,202611,202611,S11,OK_PRODUCTION,CALCULATED,,,,SYNTHETIC,,,,plan_t_simplanifpoi
999999,01084119423CD,900100230,2025-02-22,2025-10-22,2025-11-16,2025-12-27,2025-04-17,2025-12-27,2025,52,202552,202552,S52,FIL,CALCULATED,,,,SYNTHETIC,,,,plan_t_simplanifpoi
999999,04084115567CD,900100231,2026-06-04,2025-08-06,2025-06-08,2026-05-09,2025-08-18,2026-06-04,2026,23,202623,202623,S23,TISSU,CALCULATED,,,,SYNTHETIC,,,,plan_t_simplanifpoi
999999,05110104797CD,900100232,2025-04-21,2025-12-25,2026-01-12,2025-04-28,2025-10-13,2026-01-12,2026,3,202603,202603,S03,FOURNITURE,CALCULATED,,,,SYNTHETIC,,,,plan_t_simplanifpoi
999999,0133795872CD,900100233,2025-08-20,2026-03-16,2025-01-27,2025-10-01,2025-01-30,2026-03-16,2026,12,202612,202612,S12,TISSU_SEC,CALCULATED,,,,SYNTHETIC,,,,plan_t_simplanifpoi
999999,01028120989CD,900100234,2025-07-04,2025-10-07,2025-11-13,2025-12-14,2025-12-26,2025-12-26,2025,52,202552,202552,S52,OK_PRODUCTION,CALCULATED,,,,SYNTHETIC,,,,plan_t_simplanifpoi
999999,01359115942CD,900100235,2025-01-07,2025-07-05,2025-05-27,2026-02-15,2025-03-13,2026-02-15,2026,7,202607,202607,S07,FIL,CALCULATED,,,,SYNTHETIC,,,,plan_t_simplanifpoi
999999,02084104839CD,900100236,2025-05-26,2025-02-01,2025-04-04,2026-06-28,2025-08-09,2026-06-28,2026,26,202626,202626,S26,FIL,CALCULATED,,,,SYNTHETIC,,,,plan_t_simplanifpoi
999999,01001110092CD,900100237,2026-01-21,2026-03-06,2026-04-10,2025-12-16,2025-06-11,2026-04-10,2026,15,202615,202615,S15,FOURNITURE,CALCULATED,,,,SYNTHETIC,,,,plan_t_simplanifpoi
999999,02359121825CD,900100238,2026-01-14,2025-11-16,2025-11-29,2025-03-28,2025-02-23,2026-01-14,2026,3,202603,202603,S03,TISSU,CALCULATED,,,,SYNTHETIC,,,,plan_t_simplanifpoi
999999,01359120297CD,900100239,2025-06-09,2025-06-11,2025-02-20,2025-03-25,2025-10-06,2025-10-06,2025,41,202541,202541,S41,OK_PRODUCTION,CALCULATED,,,,SYNTHETIC,,,,plan_t_simplanifpoi
999999,01110112916CD,900100240,2026-03-30,2026-03-11,2026-05-13,2026-03-29,2026-03-01,2026-05-13,2026,20,202620,202620,S20,FOURNITURE,CALCULATED,,,,SYNTHETIC,,,,plan_t_simplanifpoi
999999,01337111041CD,900100241,2025-10-07,2025-08-09,2026-06-09,2025-04-27,2025-12-20,2026-06-09,2026,24,202624,202624,S24,FOURNITURE,CALCULATED,,,,SYNTHETIC,,,,plan_t_simplanifpoi
999999,01361118240CD,900100242,2026-03-17,2025-04-24,2025-10-18,2026-05-14,2026-06-24,2026-06-24,2026,26,202626,202626,S26,OK_PRODUCTION,CALCULATED,,,,SYNTHETIC,,,,plan_t_simplanifpoi
999999,01140110086CD,900100243,2025-11-12,2025-02-16,2025-08-14,2026-02-09,2025-02-26,2026-02-09,2026,7,202607,202607,S07,FIL,CALCULATED,,,,SYNTHETIC,,,,plan_t_simplanifpoi
999999,06028110321CD,900100244,2025-01-08,2025-07-29,2025-11-05,2025-08-05,2025-05-21,2025-11-05,2025,45,202545,202545,S45,FOURNITURE,CALCULATED,,,,SYNTHETIC,,,,plan_t_simplanifpoi
999999,06028118108CD,900100245,2025-09-19,2025-10-24,2025-12-02,2025-05-03,2025-01-08,2025-12-02,2025,49,202549,202549,S49,FOURNITURE,CALCULATED,,,,SYNTHETIC,,,,plan_t_simplanifpoi
999999,02359121798CD,900100246,2026-05-25,2026-03-17,2025-06-29,2025-05-13,2026-01-25,2026-05-25,2026,22,202622,202622,S22,TISSU,CALCULATED,,,,SYNTHETIC,,,,plan_t_simplanifpoi
999999,01359108286CD,900100247,2026-06-30,2025-08-24,2026-05-28,2025-12-29,2025-03-15,2026-06-30,2026,27,202627,202627,S27,TISSU,CALCULATED,,,,SYNTHETIC,,,,plan_t_simplanifpoi
999999,02396118310CD,900100248,2026-02-11,2025-02-13,2026-03-23,2025-01-20,2026-04-16,2026-04-16,2026,16,202616,202616,S16,OK_PRODUCTION,CALCULATED,,,,SYNTHETIC,,,,plan_t_simplanifpoi
999999,01020117368CD,900100249,2025-03-21,2025-11-17,2026-03-16,2026-02-19,2026-03-04,2026-03-16,2026,12,202612,202612,S12,FOURNITURE,CALCULATED,,,,SYNTHETIC,,,,plan_t_simplanifpoi
999999,01359104578CD,900100250,2025-10-24,2025-04-28,2026-02-19,2025-01-22,2025-11-29,2026-02-19,2026,8,202608,202608,S08,FOURNITURE,CALCULATED,,,,SYNTHETIC,,,,plan_t_simplanifpoi
999999,04359111567CD,900100251,2025-06-25,2026-04-17,2026-01-06,2025-04-01,2026-03-24,2026-04-17,2026,16,202616,202616,S16,TISSU_SEC,CALCULATED,,,,SYNTHETIC,,,,plan_t_simplanifpoi
999999,01084122164CD,900100252,2025-04-19,2025-09-07,2026-03-23,2026-02-15,2026-06-21,2026-06-21,2026,25,202625,202625,S25,OK_PRODUCTION,CALCULATED,,,,SYNTHETIC,,,,plan_t_simplanifpoi
999999,01359121700CD,900100253,2025-03-22,2026-02-10,2025-11-14,2025-12-14,2025-08-15,2026-02-10,2026,7,202607,202607,S07,TISSU_SEC,CALCULATED,,,,SYNTHETIC,,,,plan_t_simplanifpoi
999999,01359115379CD,900100254,2025-12-08,2025-06-22,2025-03-20,2026-06-07,2025-04-27,2026-06-07,2026,23,202623,202623,S23,FIL,CALCULATED,,,,SYNTHETIC,,,,plan_t_simplanifpoi
999999,06084112601CD,900100255,2026-06-28,2026-06-07,2025-07-18,2025-12-24,2025-12-26,2026-06-28,2026,26,202626,202626,S26,TISSU,CALCULATED,,,,SYNTHETIC,,,,plan_t_simplanifpoi
999999,01359113973CD,900100256,2025-06-01,2025-08-30,2025-04-16,2025-05-30,2025-09-20,2025-09-20,2025,38,202538,202538,S38,OK_PRODUCTION,CALCULATED,,,,SYNTHETIC,,,,plan_t_simplanifpoi
999999,04268113145CD,900100257,2025-07-22,2025-06-27,2025-06-06,2025-03-19,2025-07-01,2025-07-22,2025,30,202530,202530,S30,TISSU,CALCULATED,,,,SYNTHETIC,,,,plan_t_simplanifpoi
999999,01110122253CD,900100258,2026-05-21,2026-04-21,2026-04-05,2025-11-27,2025-11-20,2026-05-21,2026,21,202621,202621,S21,TISSU,CALCULATED,,,,SYNTHETIC,,,,plan_t_simplanifpoi
999999,06028109034CD,900100259,2025-06-04,2026-03-27,2025-03-11,2026-04-26,2026-03-29,2026-04-26,2026,17,202617,202617,S17,FIL,CALCULATED,,,,SYNTHETIC,,,,plan_t_simplanifpoi
999999,01359116315CD,900100260,2025-11-07,2025-10-09,2025-02-27,2025-12-27,2026-06-04,2026-06-04,2026,23,202623,202623,S23,OK_PRODUCTION,CALCULATED,,,,SYNTHETIC,,,,plan_t_simplanifpoi
999999,02396121519CD,900100261,2025-03-17,2025-11-14,2026-04-18,2026-04-08,2025-02-08,2026-04-18,2026,16,202616,202616,S16,FOURNITURE,CALCULATED,,,,SYNTHETIC,,,,plan_t_simplanifpoi
999999,07028119664CD,900100262,2025-02-28,2026-01-13,2025-10-21,2025-03-20,2025-04-03,2026-01-13,2026,3,202603,202603,S03,TISSU_SEC,CALCULATED,,,,SYNTHETIC,,,,plan_t_simplanifpoi
999999,01359104147CD,900100263,2026-06-04,2026-01-29,2026-04-19,2025-02-12,2026-04-06,2026-06-04,2026,23,202623,202623,S23,TISSU,CALCULATED,,,,SYNTHETIC,,,,plan_t_simplanifpoi
999999,01001122705CD,900100264,2025-07-12,2025-11-26,2026-05-03,2026-05-29,2025-06-04,2026-05-29,2026,22,202622,202622,S22,FIL,CALCULATED,,,,SYNTHETIC,,,,plan_t_simplanifpoi
999999,01359105620CD,900100265,2025-03-05,2026-04-07,2025-04-16,2025-12-18,2025-03-28,2026-04-07,2026,15,202615,202615,S15,TISSU_SEC,CALCULATED,,,,SYNTHETIC,,,,plan_t_simplanifpoi
999999,01028120708CD,900100266,2026-06-01,2025-06-26,2025-02-10,2025-09-11,2026-03-25,2026-06-01,2026,23,202623,202623,S23,TISSU,CALCULATED,,,,SYNTHETIC,,,,plan_t_simplanifpoi
999999,01359109232CD,900100267,2026-03-26,2026-06-21,2026-06-20,2025-06-12,2026-01-08,2026-06-21,2026,25,202625,202625,S25,TISSU_SEC,CALCULATED,,,,SYNTHETIC,,,,plan_t_simplanifpoi
999999,01001105786CD,900100268,2026-01-17,2025-10-17,2026-02-01,2026-02-23,2025-12-13,2026-02-23,2026,9,202609,202609,S09,FIL,CALCULATED,,,,SYNTHETIC,,,,plan_t_simplanifpoi
999999,01028114933CD,900100269,2025-02-23,2025-12-09,2025-03-09,2025-12-04,2025-04-07,2025-12-09,2025,50,202550,202550,S50,TISSU_SEC,CALCULATED,,,,SYNTHETIC,,,,plan_t_simplanifpoi
999999,01019107908CD,900100270,2026-01-31,2025-10-18,2025-09-16,2025-06-03,2025-12-08,2026-01-31,2026,5,202605,202605,S05,TISSU,CALCULATED,,,,SYNTHETIC,,,,plan_t_simplanifpoi
999999,03359121713CD,900100271,2025-03-25,2025-05-25,2025-12-25,2025-11-14,2026-02-06,2026-02-06,2026,6,202606,202606,S06,OK_PRODUCTION,CALCULATED,,,,SYNTHETIC,,,,plan_t_simplanifpoi
999999,01359111594CD,900100272,2025-05-13,2025-03-28,2025-11-14,2026-01-21,2025-12-03,2026-01-21,2026,4,202604,202604,S04,FIL,CALCULATED,,,,SYNTHETIC,,,,plan_t_simplanifpoi
999999,01396117219CD,900100273,2025-05-11,2026-06-24,2025-04-06,2026-03-10,2026-06-05,2026-06-24,2026,26,202626,202626,S26,TISSU_SEC,CALCULATED,,,,SYNTHETIC,,,,plan_t_simplanifpoi
999999,01028109940CD,900100274,2026-01-06,2025-01-19,2026-01-07,2025-11-13,2025-07-04,2026-01-07,2026,2,202602,202602,S02,FOURNITURE,CALCULATED,,,,SYNTHETIC,,,,plan_t_simplanifpoi
999999,01028108510CD,900100275,2025-08-08,2025-12-16,2026-05-13,2025-07-16,2025-08-20,2026-05-13,2026,20,202620,202620,S20,FOURNITURE,CALCULATED,,,,SYNTHETIC,,,,plan_t_simplanifpoi
999999,05396116299CD,900100276,2025-05-21,2025-06-08,2025-03-21,2025-10-30,2025-04-14,2025-10-30,2025,44,202544,202544,S44,FIL,CALCULATED,,,,SYNTHETIC,,,,plan_t_simplanifpoi
999999,01028118428CD,900100277,2026-06-04,2026-06-24,2025-02-08,2025-12-11,2025-05-15,2026-06-24,2026,26,202626,202626,S26,TISSU_SEC,CALCULATED,,,,SYNTHETIC,,,,plan_t_simplanifpoi
999999,01028122641CD,900100278,2026-01-21,2025-06-07,2025-06-16,2025-07-05,2025-06-19,2026-01-21,2026,4,202604,202604,S04,TISSU,CALCULATED,,,,SYNTHETIC,,,,plan_t_simplanifpoi
999999,0102896303CD,900100279,2026-03-25,2025-02-14,2026-02-25,2026-01-09,2025-09-01,2026-03-25,2026,13,202613,202613,S13,TISSU,CALCULATED,,,,SYNTHETIC,,,,plan_t_simplanifpoi
999999,03107116762CD,900100280,2026-03-31,2025-10-19,2026-04-05,2025-08-28,2025-09-02,2026-04-05,2026,14,202614,202614,S14,FOURNITURE,CALCULATED,,,,SYNTHETIC,,,,plan_t_simplanifpoi
999999,01084110520CD,900100281,2025-11-13,2026-04-26,2025-07-18,2026-01-12,2026-03-28,2026-04-26,2026,17,202617,202617,S17,TISSU_SEC,CALCULATED,,,,SYNTHETIC,,,,plan_t_simplanifpoi
999999,01407113644CD,900100282,2026-04-18,2025-10-16,2026-01-27,2026-05-30,2026-06-25,2026-06-25,2026,26,202626,202626,S26,OK_PRODUCTION,CALCULATED,,,,SYNTHETIC,,,,plan_t_simplanifpoi
999999,07385102306CD,900100283,2026-03-05,2025-06-15,2025-07-24,2025-05-22,2025-09-14,2026-03-05,2026,10,202610,202610,S10,TISSU,CALCULATED,,,,SYNTHETIC,,,,plan_t_simplanifpoi
999999,01028108584CD,900100284,2025-02-23,2026-05-08,2026-01-16,2025-04-16,2026-06-13,2026-06-13,2026,24,202624,202624,S24,OK_PRODUCTION,CALCULATED,,,,SYNTHETIC,,,,plan_t_simplanifpoi
999999,01314108360CD,900100285,2025-05-08,2025-10-19,2025-03-27,2025-06-14,2025-10-07,2025-10-19,2025,42,202542,202542,S42,TISSU_SEC,CALCULATED,,,,SYNTHETIC,,,,plan_t_simplanifpoi
999999,07110116742CD,900100286,2026-04-06,2026-06-10,2025-05-31,2026-03-24,2025-04-04,2026-06-10,2026,24,202624,202624,S24,TISSU_SEC,CALCULATED,,,,SYNTHETIC,,,,plan_t_simplanifpoi
999999,01107112523CD,900100287,2025-08-16,2026-04-07,2025-12-24,2025-01-28,2026-03-01,2026-04-07,2026,15,202615,202615,S15,TISSU_SEC,CALCULATED,,,,SYNTHETIC,,,,plan_t_simplanifpoi
999999,01020118469CD,900100288,2025-02-24,2026-02-10,2026-05-30,2026-01-18,2025-08-30,2026-05-30,2026,22,202622,202622,S22,FOURNITURE,CALCULATED,,,,SYNTHETIC,,,,plan_t_simplanifpoi
999999,01359104585CD,900100289,2026-01-31,2025-03-25,2026-01-19,2025-08-18,2025-01-29,2026-01-31,2026,5,202605,202605,S05,TISSU,CALCULATED,,,,SYNTHETIC,,,,plan_t_simplanifpoi
999999,04359116534CD,900100290,2025-11-23,2025-04-12,2025-12-10,2025-05-30,2025-05-21,2025-12-10,2025,50,202550,202550,S50,FOURNITURE,CALCULATED,,,,SYNTHETIC,,,,plan_t_simplanifpoi
999999,01393114565CD,900100291,2025-02-09,2025-10-21,2026-04-29,2025-05-23,2026-04-26,2026-04-29,2026,18,202618,202618,S18,FOURNITURE,CALCULATED,,,,SYNTHETIC,,,,plan_t_simplanifpoi
999999,01028104112CD,900100292,2026-04-05,2025-01-06,2025-03-23,2025-01-20,2025-09-20,2026-04-05,2026,14,202614,202614,S14,TISSU,CALCULATED,,,,SYNTHETIC,,,,plan_t_simplanifpoi
999999,01396104905CD,900100293,2025-08-09,2025-06-03,2026-06-25,2026-03-10,2025-04-24,2026-06-25,2026,26,202626,202626,S26,FOURNITURE,CALCULATED,,,,SYNTHETIC,,,,plan_t_simplanifpoi
999999,01140106661CD,900100294,2025-10-23,2025-09-01,2025-11-05,2025-05-05,2025-02-18,2025-11-05,2025,45,202545,202545,S45,FOURNITURE,CALCULATED,,,,SYNTHETIC,,,,plan_t_simplanifpoi
999999,06359111568CD,900100295,2025-09-02,2026-03-06,2026-04-14,2025-03-06,2025-04-24,2026-04-14,2026,16,202616,202616,S16,FOURNITURE,CALCULATED,,,,SYNTHETIC,,,,plan_t_simplanifpoi
999999,05028110331CD,900100296,2026-05-27,2025-01-17,2026-06-12,2025-09-05,2025-05-28,2026-06-12,2026,24,202624,202624,S24,FOURNITURE,CALCULATED,,,,SYNTHETIC,,,,plan_t_simplanifpoi
999999,01028106401CD,900100297,2025-10-26,2026-03-16,2025-01-02,2025-12-28,2025-09-04,2026-03-16,2026,12,202612,202612,S12,TISSU_SEC,CALCULATED,,,,SYNTHETIC,,,,plan_t_simplanifpoi
999999,01359106420CD,900100298,2026-03-03,2025-07-11,2025-03-29,2026-06-21,2026-01-05,2026-06-21,2026,25,202625,202625,S25,FIL,CALCULATED,,,,SYNTHETIC,,,,plan_t_simplanifpoi
999999,01359118419CD,900100299,2025-03-11,2026-06-23,2026-06-04,2026-06-04,2025-01-21,2026-06-23,2026,26,202626,202626,S26,TISSU_SEC,CALCULATED,,,,SYNTHETIC,,,,plan_t_simplanifpoi
999999,02001106329CD,900100300,2026-02-04,2026-04-27,2025-02-14,2026-02-01,2026-01-18,2026-04-27,2026,18,202618,202618,S18,TISSU_SEC,CALCULATED,,,,SYNTHETIC,,,,plan_t_simplanifpoi
999999,01296122035CD,900100301,2025-09-17,2025-01-17,2026-01-01,2025-03-11,2025-12-20,2026-01-01,2026,1,202601,202601,S01,FOURNITURE,CALCULATED,,,,SYNTHETIC,,,,plan_t_simplanifpoi
999999,06359118010CD,900100302,2025-09-04,2025-04-17,2025-12-07,2025-05-17,2025-02-15,2025-12-07,2025,49,202549,202549,S49,FOURNITURE,CALCULATED,,,,SYNTHETIC,,,,plan_t_simplanifpoi
999999,05355105016CD,900100303,2025-12-27,2025-12-13,2025-06-29,2026-04-21,2026-05-06,2026-05-06,2026,19,202619,202619,S19,OK_PRODUCTION,CALCULATED,,,,SYNTHETIC,,,,plan_t_simplanifpoi
999999,08395101884CD,900100304,2025-07-06,2025-05-19,2025-03-06,2026-04-14,2025-02-07,2026-04-14,2026,16,202616,202616,S16,FIL,CALCULATED,,,,SYNTHETIC,,,,plan_t_simplanifpoi
999999,01084117926CD,900100305,2025-10-28,2025-07-26,2025-02-14,2025-07-24,2025-02-12,2025-10-28,2025,44,202544,202544,S44,TISSU,CALCULATED,,,,SYNTHETIC,,,,plan_t_simplanifpoi
999999,06355112144CD,900100306,2025-11-20,2025-11-14,2026-06-12,2026-02-12,2026-04-30,2026-06-12,2026,24,202624,202624,S24,FOURNITURE,CALCULATED,,,,SYNTHETIC,,,,plan_t_simplanifpoi
999999,04357101439CD,900100307,2025-09-17,2025-02-07,2025-07-15,2025-10-20,2026-01-01,2026-01-01,2026,1,202601,202601,S01,OK_PRODUCTION,CALCULATED,,,,SYNTHETIC,,,,plan_t_simplanifpoi
999999,01110104797CD,900100308,2025-02-18,2025-12-06,2025-10-07,2025-05-08,2026-01-12,2026-01-12,2026,3,202603,202603,S03,OK_PRODUCTION,CALCULATED,,,,SYNTHETIC,,,,plan_t_simplanifpoi
999999,03359116316CD,900100309,2026-03-24,2026-02-14,2026-03-27,2026-01-31,2025-12-14,2026-03-27,2026,13,202613,202613,S13,FOURNITURE,CALCULATED,,,,SYNTHETIC,,,,plan_t_simplanifpoi
999999,01028109153CD,900100310,2025-07-11,2026-05-24,2026-05-25,2026-01-12,2026-06-16,2026-06-16,2026,25,202625,202625,S25,OK_PRODUCTION,CALCULATED,,,,SYNTHETIC,,,,plan_t_simplanifpoi
999999,0135997007CD,900100311,2025-10-01,2025-03-26,2026-03-11,2025-03-22,2026-03-17,2026-03-17,2026,12,202612,202612,S12,OK_PRODUCTION,CALCULATED,,,,SYNTHETIC,,,,plan_t_simplanifpoi
999999,01376110540CD,900100312,2025-07-04,2025-10-28,2025-11-25,2025-04-16,2025-03-23,2025-11-25,2025,48,202548,202548,S48,FOURNITURE,CALCULATED,,,,SYNTHETIC,,,,plan_t_simplanifpoi
999999,01084108656CD,900100313,2025-12-02,2025-10-30,2025-11-10,2026-04-02,2026-03-13,2026-04-02,2026,14,202614,202614,S14,FIL,CALCULATED,,,,SYNTHETIC,,,,plan_t_simplanifpoi
999999,09110110883CD,900100314,2025-06-20,2026-03-31,2025-12-26,2026-04-03,2025-02-13,2026-04-03,2026,14,202614,202614,S14,FIL,CALCULATED,,,,SYNTHETIC,,,,plan_t_simplanifpoi
999999,08028110362CD,900100315,2025-12-28,2026-03-22,2025-10-09,2025-02-28,2025-03-18,2026-03-22,2026,12,202612,202612,S12,TISSU_SEC,CALCULATED,,,,SYNTHETIC,,,,plan_t_simplanifpoi
999999,03359108291CD,900100316,2026-02-20,2026-01-08,2026-06-10,2025-06-13,2025-02-01,2026-06-10,2026,24,202624,202624,S24,FOURNITURE,CALCULATED,,,,SYNTHETIC,,,,plan_t_simplanifpoi
999999,01084103759CD,900100317,2025-05-27,2026-03-25,2025-02-05,2025-05-10,2025-03-10,2026-03-25,2026,13,202613,202613,S13,TISSU_SEC,CALCULATED,,,,SYNTHETIC,,,,plan_t_simplanifpoi
999999,11385107525CD,900100318,2025-08-30,2026-01-11,2026-01-06,2026-01-28,2025-02-03,2026-01-28,2026,5,202605,202605,S05,FIL,CALCULATED,,,,SYNTHETIC,,,,plan_t_simplanifpoi
999999,01028113586CD,900100319,2025-06-07,2026-04-06,2026-01-15,2026-01-16,2026-03-31,2026-04-06,2026,15,202615,202615,S15,TISSU_SEC,CALCULATED,,,,SYNTHETIC,,,,plan_t_simplanifpoi
999999,01359109266CD,900100320,2025-03-20,2025-05-21,2026-06-27,2026-01-11,2026-02-12,2026-06-27,2026,26,202626,202626,S26,FOURNITURE,CALCULATED,,,,SYNTHETIC,,,,plan_t_simplanifpoi
999999,01084119808CD,900100321,2025-11-18,2025-10-13,2025-09-13,2025-04-27,2025-01-27,2025-11-18,2025,47,202547,202547,S47,TISSU,CALCULATED,,,,SYNTHETIC,,,,plan_t_simplanifpoi
999999,01359121714CD,900100322,2025-07-10,2026-05-27,2026-06-15,2026-02-01,2025-05-01,2026-06-15,2026,25,202625,202625,S25,FOURNITURE,CALCULATED,,,,SYNTHETIC,,,,plan_t_simplanifpoi
999999,03361109396CD,900100323,2025-09-26,2025-09-24,2026-04-02,2025-08-08,2025-10-20,2026-04-02,2026,14,202614,202614,S14,FOURNITURE,CALCULATED,,,,SYNTHETIC,,,,plan_t_simplanifpoi
999999,01396116939CD,900100324,2026-05-18,2025-07-24,2025-05-06,2025-05-19,2025-03-17,2026-05-18,2026,21,202621,202621,S21,TISSU,CALCULATED,,,,SYNTHETIC,,,,plan_t_simplanifpoi
999999,03084110078CD,900100325,2026-04-08,2025-06-26,2026-04-01,2025-03-31,2025-11-24,2026-04-08,2026,15,202615,202615,S15,TISSU,CALCULATED,,,,SYNTHETIC,,,,plan_t_simplanifpoi
999999,01359108192CD,900100326,2025-12-22,2025-03-08,2025-10-25,2025-11-04,2025-06-11,2025-12-22,2025,52,202552,202552,S52,TISSU,CALCULATED,,,,SYNTHETIC,,,,plan_t_simplanifpoi
999999,03107120943CD,900100327,2025-06-28,2026-01-06,2026-06-05,2025-08-18,2025-05-05,2026-06-05,2026,23,202623,202623,S23,FOURNITURE,CALCULATED,,,,SYNTHETIC,,,,plan_t_simplanifpoi
999999,01393114831CD,900100328,2025-07-25,2025-05-23,2025-08-31,2026-05-21,2025-01-27,2026-05-21,2026,21,202621,202621,S21,FIL,CALCULATED,,,,SYNTHETIC,,,,plan_t_simplanifpoi
999999,01359120906CD,900100329,2026-01-05,2026-01-13,2026-04-24,2025-05-13,2025-03-30,2026-04-24,2026,17,202617,202617,S17,FOURNITURE,CALCULATED,,,,SYNTHETIC,,,,plan_t_simplanifpoi
999999,06407118465CD,900100330,2025-03-09,2025-11-13,2026-02-12,2026-05-06,2026-06-23,2026-06-23,2026,26,202626,202626,S26,OK_PRODUCTION,CALCULATED,,,,SYNTHETIC,,,,plan_t_simplanifpoi
999999,02028121063CD,900100331,2026-02-25,2026-02-24,2025-03-17,2025-05-09,2025-11-21,2026-02-25,2026,9,202609,202609,S09,TISSU,CALCULATED,,,,SYNTHETIC,,,,plan_t_simplanifpoi
999999,01359110126CD,900100332,2025-03-17,2026-04-06,2026-04-23,2026-06-14,2025-12-19,2026-06-14,2026,24,202624,202624,S24,FIL,CALCULATED,,,,SYNTHETIC,,,,plan_t_simplanifpoi
999999,02028120077CD,900100333,2025-05-12,2025-07-06,2025-05-13,2026-03-20,2026-05-30,2026-05-30,2026,22,202622,202622,S22,OK_PRODUCTION,CALCULATED,,,,SYNTHETIC,,,,plan_t_simplanifpoi
999999,03359102896CD,900100334,2025-02-26,2025-05-08,2026-06-15,2025-06-06,2025-11-08,2026-06-15,2026,25,202625,202625,S25,FOURNITURE,CALCULATED,,,,SYNTHETIC,,,,plan_t_simplanifpoi
999999,01396120661CD,900100335,2025-06-18,2025-06-15,2025-11-27,2025-08-19,2025-12-21,2025-12-21,2025,51,202551,202551,S51,OK_PRODUCTION,CALCULATED,,,,SYNTHETIC,,,,plan_t_simplanifpoi
999999,02028110321CD,900100336,2026-06-16,2025-10-18,2025-03-22,2025-09-14,2025-07-21,2026-06-16,2026,25,202625,202625,S25,TISSU,CALCULATED,,,,SYNTHETIC,,,,plan_t_simplanifpoi
999999,06107103885CD,900100337,2025-10-09,2025-05-09,2025-11-07,2025-04-06,2026-05-30,2026-05-30,2026,22,202622,202622,S22,OK_PRODUCTION,CALCULATED,,,,SYNTHETIC,,,,plan_t_simplanifpoi
999999,01107119391CD,900100338,2025-06-22,2025-06-07,2025-06-25,2025-12-12,2025-02-12,2025-12-12,2025,50,202550,202550,S50,FIL,CALCULATED,,,,SYNTHETIC,,,,plan_t_simplanifpoi
999999,01028106904CD,900100339,2025-01-30,2025-03-25,2025-02-16,2025-09-29,2025-08-04,2025-09-29,2025,40,202540,202540,S40,FIL,CALCULATED,,,,SYNTHETIC,,,,plan_t_simplanifpoi
999999,01084106778CD,900100340,2026-03-03,2025-02-01,2026-05-25,2025-10-24,2025-11-06,2026-05-25,2026,22,202622,202622,S22,FOURNITURE,CALCULATED,,,,SYNTHETIC,,,,plan_t_simplanifpoi
999999,09084110240CD,900100341,2026-05-10,2025-09-08,2026-02-20,2025-11-01,2026-04-10,2026-05-10,2026,19,202619,202619,S19,TISSU,CALCULATED,,,,SYNTHETIC,,,,plan_t_simplanifpoi
999999,01028120678CD,900100342,2025-03-16,2025-03-03,2025-06-11,2026-03-27,2026-03-02,2026-03-27,2026,13,202613,202613,S13,FIL,CALCULATED,,,,SYNTHETIC,,,,plan_t_simplanifpoi
999999,04268109154CD,900100343,2026-05-11,2026-04-21,2025-07-28,2025-12-15,2025-05-28,2026-05-11,2026,20,202620,202620,S20,TISSU,CALCULATED,,,,SYNTHETIC,,,,plan_t_simplanifpoi
999999,02388103961CD,900100344,2025-11-17,2025-11-23,2025-12-20,2026-02-13,2025-05-14,2026-02-13,2026,7,202607,202607,S07,FIL,CALCULATED,,,,SYNTHETIC,,,,plan_t_simplanifpoi
999999,0138598562CD,900100345,2026-01-15,2026-06-12,2025-04-19,2025-11-23,2025-09-05,2026-06-12,2026,24,202624,202624,S24,TISSU_SEC,CALCULATED,,,,SYNTHETIC,,,,plan_t_simplanifpoi
999999,01361122593CD,900100346,2026-04-23,2025-05-06,2025-10-01,2026-04-06,2025-09-11,2026-04-23,2026,17,202617,202617,S17,TISSU,CALCULATED,,,,SYNTHETIC,,,,plan_t_simplanifpoi
999999,06019121654CD,900100347,2025-05-25,2025-04-10,2025-02-21,2025-10-25,2026-01-29,2026-01-29,2026,5,202605,202605,S05,OK_PRODUCTION,CALCULATED,,,,SYNTHETIC,,,,plan_t_simplanifpoi
999999,01107120309CD,900100348,2026-03-05,2025-09-12,2025-06-13,2025-12-02,2025-11-17,2026-03-05,2026,10,202610,202610,S10,TISSU,CALCULATED,,,,SYNTHETIC,,,,plan_t_simplanifpoi
999999,01084108769CD,900100349,2025-07-14,2025-06-13,2026-05-26,2026-06-12,2026-04-24,2026-06-12,2026,24,202624,202624,S24,FIL,CALCULATED,,,,SYNTHETIC,,,,plan_t_simplanifpoi
999999,01020111779CD,900100350,2026-05-26,2025-11-12,2026-05-25,2025-01-24,2025-04-03,2026-05-26,2026,22,202622,202622,S22,TISSU,CALCULATED,,,,SYNTHETIC,,,,plan_t_simplanifpoi
999999,04359118349CD,900100351,2026-02-07,2026-06-02,2026-04-14,2025-09-04,2025-08-09,2026-06-02,2026,23,202623,202623,S23,TISSU_SEC,CALCULATED,,,,SYNTHETIC,,,,plan_t_simplanifpoi
999999,01359102887CD,900100352,2025-12-28,2025-02-19,2025-02-21,2025-10-16,2026-05-22,2026-05-22,2026,21,202621,202621,S21,OK_PRODUCTION,CALCULATED,,,,SYNTHETIC,,,,plan_t_simplanifpoi
999999,01355108515CD,900100353,2026-04-27,2025-10-20,2025-01-09,2025-04-21,2026-03-18,2026-04-27,2026,18,202618,202618,S18,TISSU,CALCULATED,,,,SYNTHETIC,,,,plan_t_simplanifpoi
999999,03355105210CD,900100354,2025-05-18,2025-09-28,2026-01-10,2026-02-17,2026-01-10,2026-02-17,2026,8,202608,202608,S08,FIL,CALCULATED,,,,SYNTHETIC,,,,plan_t_simplanifpoi
999999,01020122407CD,900100355,2025-02-16,2026-02-15,2025-02-22,2025-07-19,2026-01-07,2026-02-15,2026,7,202607,202607,S07,TISSU_SEC,CALCULATED,,,,SYNTHETIC,,,,plan_t_simplanifpoi
999999,01396118117CD,900100356,2025-10-23,2025-03-17,2026-01-31,2026-06-01,2026-04-07,2026-06-01,2026,23,202623,202623,S23,FIL,CALCULATED,,,,SYNTHETIC,,,,plan_t_simplanifpoi
999999,03359112929CD,900100357,2025-10-14,2025-05-02,2025-05-12,2025-04-10,2026-02-08,2026-02-08,2026,6,202606,202606,S06,OK_PRODUCTION,CALCULATED,,,,SYNTHETIC,,,,plan_t_simplanifpoi
999999,01028121077CD,900100358,2026-01-18,2025-12-14,2026-01-10,2025-05-28,2025-07-23,2026-01-18,2026,3,202603,202603,S03,TISSU,CALCULATED,,,,SYNTHETIC,,,,plan_t_simplanifpoi
999999,01140105223CD,900100359,2026-06-06,2026-02-16,2026-05-28,2025-02-11,2025-02-16,2026-06-06,2026,23,202623,202623,S23,TISSU,CALCULATED,,,,SYNTHETIC,,,,plan_t_simplanifpoi
999999,03359107580CD,900100360,2025-02-09,2025-05-21,2025-12-08,2026-05-01,2026-06-16,2026-06-16,2026,25,202625,202625,S25,OK_PRODUCTION,CALCULATED,,,,SYNTHETIC,,,,plan_t_simplanifpoi
999999,01110122299CD,900100361,2026-04-13,2025-06-02,2026-06-12,2025-05-24,2025-12-02,2026-06-12,2026,24,202624,202624,S24,FOURNITURE,CALCULATED,,,,SYNTHETIC,,,,plan_t_simplanifpoi
999999,01396115873CD,900100362,2025-11-23,2025-06-16,2026-02-07,2025-11-03,2025-12-11,2026-02-07,2026,6,202606,202606,S06,FOURNITURE,CALCULATED,,,,SYNTHETIC,,,,plan_t_simplanifpoi
999999,01001110091CD,900100363,2026-06-04,2026-06-06,2026-06-30,2026-05-17,2025-11-03,2026-06-30,2026,27,202627,202627,S27,FOURNITURE,CALCULATED,,,,SYNTHETIC,,,,plan_t_simplanifpoi
999999,01110116753CD,900100364,2026-05-02,2025-01-18,2026-01-13,2025-12-06,2025-04-23,2026-05-02,2026,18,202618,202618,S18,TISSU,CALCULATED,,,,SYNTHETIC,,,,plan_t_simplanifpoi
999999,03107106560CD,900100365,2026-03-03,2025-11-12,2025-01-28,2026-05-01,2025-09-29,2026-05-01,2026,18,202618,202618,S18,FIL,CALCULATED,,,,SYNTHETIC,,,,plan_t_simplanifpoi
999999,01084115770CD,900100366,2025-08-22,2025-02-22,2026-05-07,2025-06-24,2026-06-21,2026-06-21,2026,25,202625,202625,S25,OK_PRODUCTION,CALCULATED,,,,SYNTHETIC,,,,plan_t_simplanifpoi
999999,04084119612CD,900100367,2026-01-25,2025-06-01,2025-09-06,2025-02-02,2025-04-23,2026-01-25,2026,4,202604,202604,S04,TISSU,CALCULATED,,,,SYNTHETIC,,,,plan_t_simplanifpoi
999999,01107110392CD,900100368,2025-07-15,2025-01-20,2026-03-28,2025-11-18,2026-03-05,2026-03-28,2026,13,202613,202613,S13,FOURNITURE,CALCULATED,,,,SYNTHETIC,,,,plan_t_simplanifpoi
999999,01084122335CD,900100369,2025-06-05,2026-02-27,2025-07-28,2026-02-25,2026-05-29,2026-05-29,2026,22,202622,202622,S22,OK_PRODUCTION,CALCULATED,,,,SYNTHETIC,,,,plan_t_simplanifpoi
999999,01359106451CD,900100370,2026-04-28,2025-03-05,2025-05-22,2026-06-16,2025-08-01,2026-06-16,2026,25,202625,202625,S25,FIL,CALCULATED,,,,SYNTHETIC,,,,plan_t_simplanifpoi
999999,0123697822CD,900100371,2025-11-29,2026-05-05,2026-06-23,2026-01-21,2025-11-18,2026-06-23,2026,26,202626,202626,S26,FOURNITURE,CALCULATED,,,,SYNTHETIC,,,,plan_t_simplanifpoi
999999,02355116286CD,900100372,2025-06-27,2026-04-16,2026-06-30,2025-12-17,2025-12-29,2026-06-30,2026,27,202627,202627,S27,FOURNITURE,CALCULATED,,,,SYNTHETIC,,,,plan_t_simplanifpoi
999999,01359107283CD,900100373,2025-09-28,2026-05-11,2025-07-16,2025-09-10,2025-10-13,2026-05-11,2026,20,202620,202620,S20,TISSU_SEC,CALCULATED,,,,SYNTHETIC,,,,plan_t_simplanifpoi
999999,0635994432CD,900100374,2025-11-02,2025-08-19,2025-11-01,2025-10-23,2025-08-01,2025-11-02,2025,44,202544,202544,S44,TISSU,CALCULATED,,,,SYNTHETIC,,,,plan_t_simplanifpoi
999999,01359120155CD,900100375,2026-05-16,2025-11-21,2026-05-07,2025-12-24,2025-10-08,2026-05-16,2026,20,202620,202620,S20,TISSU,CALCULATED,,,,SYNTHETIC,,,,plan_t_simplanifpoi
999999,01359108204CD,900100376,2025-10-22,2025-05-05,2026-01-24,2026-02-09,2025-12-20,2026-02-09,2026,7,202607,202607,S07,FIL,CALCULATED,,,,SYNTHETIC,,,,plan_t_simplanifpoi
999999,01028117258CD,900100377,2025-05-30,2025-10-25,2025-02-13,2025-10-22,2025-03-22,2025-10-25,2025,43,202543,202543,S43,TISSU_SEC,CALCULATED,,,,SYNTHETIC,,,,plan_t_simplanifpoi
999999,03296112097CD,900100378,2025-12-21,2026-03-29,2025-09-20,2026-05-06,2025-08-08,2026-05-06,2026,19,202619,202619,S19,FIL,CALCULATED,,,,SYNTHETIC,,,,plan_t_simplanifpoi
999999,03359113078CD,900100379,2025-07-26,2025-10-05,2025-10-06,2025-05-21,2025-04-22,2025-10-06,2025,41,202541,202541,S41,FOURNITURE,CALCULATED,,,,SYNTHETIC,,,,plan_t_simplanifpoi
999999,01359121678CD,900100380,2025-09-03,2025-09-06,2025-02-21,2026-06-28,2025-08-20,2026-06-28,2026,26,202626,202626,S26,FIL,CALCULATED,,,,SYNTHETIC,,,,plan_t_simplanifpoi
999999,01001108468CD,900100381,2025-08-27,2025-02-23,2025-04-13,2026-02-28,2025-12-05,2026-02-28,2026,9,202609,202609,S09,FIL,CALCULATED,,,,SYNTHETIC,,,,plan_t_simplanifpoi
999999,11084108594CD,900100382,2026-04-29,2025-04-13,2025-05-21,2025-01-06,2025-06-11,2026-04-29,2026,18,202618,202618,S18,TISSU,CALCULATED,,,,SYNTHETIC,,,,plan_t_simplanifpoi
999999,01107119952CD,900100383,2026-02-21,2026-05-03,2026-05-04,2025-07-24,2025-10-22,2026-05-04,2026,19,202619,202619,S19,FOURNITURE,CALCULATED,,,,SYNTHETIC,,,,plan_t_simplanifpoi
999999,01107103902CD,900100384,2025-11-25,2025-10-20,2025-03-02,2025-04-02,2025-08-26,2025-11-25,2025,48,202548,202548,S48,TISSU,CALCULATED,,,,SYNTHETIC,,,,plan_t_simplanifpoi
999999,03359116290CD,900100385,2025-02-08,2025-06-29,2026-03-04,2025-06-30,2025-02-07,2026-03-04,2026,10,202610,202610,S10,FOURNITURE,CALCULATED,,,,SYNTHETIC,,,,plan_t_simplanifpoi
999999,0100191609CD,900100386,2026-02-11,2026-05-23,2025-07-10,2025-10-24,2025-02-08,2026-05-23,2026,21,202621,202621,S21,TISSU_SEC,CALCULATED,,,,SYNTHETIC,,,,plan_t_simplanifpoi
999999,01107116975CD,900100387,2025-01-10,2025-11-02,2025-04-20,2025-12-10,2025-10-19,2025-12-10,2025,50,202550,202550,S50,FIL,CALCULATED,,,,SYNTHETIC,,,,plan_t_simplanifpoi
999999,01028107177CD,900100388,2026-04-11,2026-06-21,2026-05-21,2025-05-18,2026-06-01,2026-06-21,2026,25,202625,202625,S25,TISSU_SEC,CALCULATED,,,,SYNTHETIC,,,,plan_t_simplanifpoi
999999,02359121941CD,900100389,2026-04-25,2025-10-07,2025-07-17,2025-04-26,2025-12-05,2026-04-25,2026,17,202617,202617,S17,TISSU,CALCULATED,,,,SYNTHETIC,,,,plan_t_simplanifpoi
999999,01028122616CD,900100390,2025-06-16,2026-04-15,2025-09-21,2025-07-10,2025-01-15,2026-04-15,2026,16,202616,202616,S16,TISSU_SEC,CALCULATED,,,,SYNTHETIC,,,,plan_t_simplanifpoi
999999,03084108547CD,900100391,2025-12-12,2025-10-30,2025-07-17,2025-06-29,2026-02-20,2026-02-20,2026,8,202608,202608,S08,OK_PRODUCTION,CALCULATED,,,,SYNTHETIC,,,,plan_t_simplanifpoi
999999,01084111516CD,900100392,2026-03-14,2026-06-12,2025-12-02,2025-03-30,2026-02-15,2026-06-12,2026,24,202624,202624,S24,TISSU_SEC,CALCULATED,,,,SYNTHETIC,,,,plan_t_simplanifpoi
999999,01019112428CD,900100393,2025-04-08,2025-07-09,2025-05-24,2026-05-04,2025-11-28,2026-05-04,2026,19,202619,202619,S19,FIL,CALCULATED,,,,SYNTHETIC,,,,plan_t_simplanifpoi
999999,02338100063CD,900100394,2025-09-12,2025-01-07,2025-09-25,2026-01-28,2025-08-30,2026-01-28,2026,5,202605,202605,S05,FIL,CALCULATED,,,,SYNTHETIC,,,,plan_t_simplanifpoi
999999,02355112154CD,900100395,2026-04-03,2025-10-01,2025-12-04,2025-11-06,2025-01-12,2026-04-03,2026,14,202614,202614,S14,TISSU,CALCULATED,,,,SYNTHETIC,,,,plan_t_simplanifpoi
999999,15359103393CD,900100396,2025-09-25,2026-01-04,2025-08-30,2025-03-05,2025-05-02,2026-01-04,2026,1,202601,202601,S01,TISSU_SEC,CALCULATED,,,,SYNTHETIC,,,,plan_t_simplanifpoi
999999,02028109721CD,900100397,2026-04-22,2025-11-11,2025-06-13,2026-02-20,2026-05-30,2026-05-30,2026,22,202622,202622,S22,OK_PRODUCTION,CALCULATED,,,,SYNTHETIC,,,,plan_t_simplanifpoi
999999,01084122116CD,900100398,2025-11-15,2025-05-01,2025-10-30,2026-01-12,2025-08-15,2026-01-12,2026,3,202603,202603,S03,FIL,CALCULATED,,,,SYNTHETIC,,,,plan_t_simplanifpoi
999999,01107110143CD,900100399,2025-08-13,2025-05-17,2026-05-05,2025-06-06,2026-04-11,2026-05-05,2026,19,202619,202619,S19,FOURNITURE,CALCULATED,,,,SYNTHETIC,,,,plan_t_simplanifpoi
999999,01359103393CD,900100400,2026-01-18,2026-03-02,2026-04-28,2025-08-12,2025-09-11,2026-04-28,2026,18,202618,202618,S18,FOURNITURE,CALCULATED,,,,SYNTHETIC,,,,plan_t_simplanifpoi
999999,01302121626CD,900100401,2025-03-25,2026-06-23,2026-04-03,2026-06-25,2026-01-06,2026-06-25,2026,26,202626,202626,S26,FIL,CALCULATED,,,,SYNTHETIC,,,,plan_t_simplanifpoi
999999,01359118355CD,900100402,2025-03-21,2025-04-25,2025-03-05,2026-06-02,2025-07-27,2026-06-02,2026,23,202623,202623,S23,FIL,CALCULATED,,,,SYNTHETIC,,,,plan_t_simplanifpoi
999999,04359118567CD,900100403,2025-06-03,2025-06-18,2025-12-02,2026-06-17,2026-03-29,2026-06-17,2026,25,202625,202625,S25,FIL,CALCULATED,,,,SYNTHETIC,,,,plan_t_simplanifpoi
999999,01355108583CD,900100404,2025-04-30,2025-07-30,2026-05-16,2025-04-04,2026-06-07,2026-06-07,2026,23,202623,202623,S23,OK_PRODUCTION,CALCULATED,,,,SYNTHETIC,,,,plan_t_simplanifpoi
999999,01412118099CD,900100405,2026-04-02,2025-02-26,2026-04-10,2025-05-16,2026-06-10,2026-06-10,2026,24,202624,202624,S24,OK_PRODUCTION,CALCULATED,,,,SYNTHETIC,,,,plan_t_simplanifpoi
999999,02359114135CD,900100406,2026-03-02,2026-04-13,2025-03-01,2026-04-19,2025-11-12,2026-04-19,2026,16,202616,202616,S16,FIL,CALCULATED,,,,SYNTHETIC,,,,plan_t_simplanifpoi
999999,02028121083CD,900100407,2025-01-23,2026-02-10,2025-09-18,2025-01-04,2025-08-12,2026-02-10,2026,7,202607,202607,S07,TISSU_SEC,CALCULATED,,,,SYNTHETIC,,,,plan_t_simplanifpoi
999999,03028119341CD,900100408,2025-03-16,2025-02-16,2026-03-10,2025-12-19,2025-03-07,2026-03-10,2026,11,202611,202611,S11,FOURNITURE,CALCULATED,,,,SYNTHETIC,,,,plan_t_simplanifpoi
999999,01001114618CD,900100409,2025-03-03,2025-03-12,2026-04-29,2025-02-02,2025-10-21,2026-04-29,2026,18,202618,202618,S18,FOURNITURE,CALCULATED,,,,SYNTHETIC,,,,plan_t_simplanifpoi
999999,01110110500CD,900100410,2026-02-23,2025-07-04,2025-05-19,2026-03-07,2026-01-19,2026-03-07,2026,10,202610,202610,S10,FIL,CALCULATED,,,,SYNTHETIC,,,,plan_t_simplanifpoi
999999,01028122722CD,900100411,2026-01-27,2026-04-05,2026-01-22,2026-01-20,2025-03-24,2026-04-05,2026,14,202614,202614,S14,TISSU_SEC,CALCULATED,,,,SYNTHETIC,,,,plan_t_simplanifpoi
999999,01107112526CD,900100412,2025-05-17,2025-12-23,2025-05-02,2025-07-02,2026-02-07,2026-02-07,2026,6,202606,202606,S06,OK_PRODUCTION,CALCULATED,,,,SYNTHETIC,,,,plan_t_simplanifpoi
999999,01028103540CD,900100413,2026-06-26,2025-05-11,2025-08-17,2025-01-04,2025-01-24,2026-06-26,2026,26,202626,202626,S26,TISSU,CALCULATED,,,,SYNTHETIC,,,,plan_t_simplanifpoi
999999,01359108273CD,900100414,2025-11-02,2026-04-20,2026-03-11,2026-06-29,2026-01-24,2026-06-29,2026,27,202627,202627,S27,FIL,CALCULATED,,,,SYNTHETIC,,,,plan_t_simplanifpoi
999999,01359113089CD,900100415,2025-08-24,2025-09-11,2026-04-17,2025-12-21,2025-06-08,2026-04-17,2026,16,202616,202616,S16,FOURNITURE,CALCULATED,,,,SYNTHETIC,,,,plan_t_simplanifpoi
999999,01404109657CD,900100416,2025-10-10,2025-07-13,2025-04-26,2025-02-02,2026-03-06,2026-03-06,2026,10,202610,202610,S10,OK_PRODUCTION,CALCULATED,,,,SYNTHETIC,,,,plan_t_simplanifpoi
999999,02359121237CD,900100417,2025-01-17,2025-09-04,2025-07-31,2025-03-10,2025-04-14,2025-09-04,2025,36,202536,202536,S36,TISSU_SEC,CALCULATED,,,,SYNTHETIC,,,,plan_t_simplanifpoi
999999,01028119959CD,900100418,2025-02-04,2026-04-03,2025-02-19,2025-09-08,2025-02-15,2026-04-03,2026,14,202614,202614,S14,TISSU_SEC,CALCULATED,,,,SYNTHETIC,,,,plan_t_simplanifpoi
999999,01359105519CD,900100419,2026-02-16,2026-03-26,2025-08-28,2025-08-11,2025-02-27,2026-03-26,2026,13,202613,202613,S13,TISSU_SEC,CALCULATED,,,,SYNTHETIC,,,,plan_t_simplanifpoi
999999,02355112129CD,900100420,2025-05-24,2026-05-31,2025-10-24,2025-08-28,2025-11-23,2026-05-31,2026,22,202622,202622,S22,TISSU_SEC,CALCULATED,,,,SYNTHETIC,,,,plan_t_simplanifpoi
999999,03385108733CD,900100421,2025-11-25,2025-08-31,2025-11-06,2025-05-27,2026-06-18,2026-06-18,2026,25,202625,202625,S25,OK_PRODUCTION,CALCULATED,,,,SYNTHETIC,,,,plan_t_simplanifpoi
999999,01396107753CD,900100422,2025-08-15,2026-02-28,2025-11-04,2025-10-09,2025-03-04,2026-02-28,2026,9,202609,202609,S09,TISSU_SEC,CALCULATED,,,,SYNTHETIC,,,,plan_t_simplanifpoi
999999,0135996962CD,900100423,2025-06-29,2026-03-14,2026-05-23,2025-02-18,2025-12-19,2026-05-23,2026,21,202621,202621,S21,FOURNITURE,CALCULATED,,,,SYNTHETIC,,,,plan_t_simplanifpoi
999999,02084119646CD,900100424,2026-01-26,2026-06-22,2025-11-23,2026-03-03,2026-02-23,2026-06-22,2026,26,202626,202626,S26,TISSU_SEC,CALCULATED,,,,SYNTHETIC,,,,plan_t_simplanifpoi
999999,01355108694CD,900100425,2025-06-02,2025-11-04,2026-01-21,2025-07-08,2026-04-30,2026-04-30,2026,18,202618,202618,S18,OK_PRODUCTION,CALCULATED,,,,SYNTHETIC,,,,plan_t_simplanifpoi
999999,01084119249CD,900100426,2025-09-04,2025-08-19,2025-11-04,2025-05-28,2026-04-20,2026-04-20,2026,17,202617,202617,S17,OK_PRODUCTION,CALCULATED,,,,SYNTHETIC,,,,plan_t_simplanifpoi
999999,01107122483CD,900100427,2025-03-01,2026-02-27,2026-03-03,2026-06-27,2025-05-18,2026-06-27,2026,26,202626,202626,S26,FIL,CALCULATED,,,,SYNTHETIC,,,,plan_t_simplanifpoi
999999,01020122419CD,900100428,2026-02-02,2025-09-06,2025-09-19,2025-07-28,2025-12-05,2026-02-02,2026,6,202606,202606,S06,TISSU,CALCULATED,,,,SYNTHETIC,,,,plan_t_simplanifpoi
999999,05359116461CD,900100429,2025-03-22,2026-04-06,2026-01-15,2025-04-05,2025-07-15,2026-04-06,2026,15,202615,202615,S15,TISSU_SEC,CALCULATED,,,,SYNTHETIC,,,,plan_t_simplanifpoi
999999,04359111420CD,900100430,2025-02-22,2025-10-02,2026-01-22,2025-02-10,2025-03-16,2026-01-22,2026,4,202604,202604,S04,FOURNITURE,CALCULATED,,,,SYNTHETIC,,,,plan_t_simplanifpoi
999999,02140120614CD,900100431,2025-07-12,2025-08-11,2026-05-06,2025-08-02,2025-12-07,2026-05-06,2026,19,202619,202619,S19,FOURNITURE,CALCULATED,,,,SYNTHETIC,,,,plan_t_simplanifpoi
999999,01359102783CD,900100432,2025-11-07,2025-01-16,2025-08-05,2025-07-14,2025-05-01,2025-11-07,2025,45,202545,202545,S45,TISSU,CALCULATED,,,,SYNTHETIC,,,,plan_t_simplanifpoi
999999,03140109475CD,900100433,2026-05-06,2025-09-06,2025-07-29,2026-02-11,2025-09-03,2026-05-06,2026,19,202619,202619,S19,TISSU,CALCULATED,,,,SYNTHETIC,,,,plan_t_simplanifpoi
999999,01110122268CD,900100434,2025-11-26,2025-10-17,2026-01-25,2026-04-23,2026-01-03,2026-04-23,2026,17,202617,202617,S17,FIL,CALCULATED,,,,SYNTHETIC,,,,plan_t_simplanifpoi
999999,01388107938CD,900100435,2025-11-12,2025-09-25,2026-01-04,2026-06-10,2026-05-25,2026-06-10,2026,24,202624,202624,S24,FIL,CALCULATED,,,,SYNTHETIC,,,,plan_t_simplanifpoi
999999,02396121334CD,900100436,2026-04-23,2025-04-11,2026-04-26,2025-11-24,2025-07-28,2026-04-26,2026,17,202617,202617,S17,FOURNITURE,CALCULATED,,,,SYNTHETIC,,,,plan_t_simplanifpoi
999999,06028112379CD,900100437,2026-01-15,2025-11-17,2026-02-28,2025-02-16,2025-08-15,2026-02-28,2026,9,202609,202609,S09,FOURNITURE,CALCULATED,,,,SYNTHETIC,,,,plan_t_simplanifpoi
999999,0133898742CD,900100438,2025-05-30,2025-01-17,2025-09-25,2026-03-04,2025-10-30,2026-03-04,2026,10,202610,202610,S10,FIL,CALCULATED,,,,SYNTHETIC,,,,plan_t_simplanifpoi
999999,01359108129CD,900100439,2025-06-06,2025-07-20,2025-12-04,2025-08-24,2026-01-24,2026-01-24,2026,4,202604,202604,S04,OK_PRODUCTION,CALCULATED,,,,SYNTHETIC,,,,plan_t_simplanifpoi
999999,01359107592CD,900100440,2025-09-09,2026-05-27,2025-12-12,2025-09-21,2026-05-16,2026-05-27,2026,22,202622,202622,S22,TISSU_SEC,CALCULATED,,,,SYNTHETIC,,,,plan_t_simplanifpoi
999999,01140119156CD,900100441,2026-05-18,2026-04-17,2025-06-22,2025-12-27,2025-06-23,2026-05-18,2026,21,202621,202621,S21,TISSU,CALCULATED,,,,SYNTHETIC,,,,plan_t_simplanifpoi
999999,01028122441CD,900100442,2025-05-24,2026-05-16,2025-07-08,2025-03-02,2026-06-21,2026-06-21,2026,25,202625,202625,S25,OK_PRODUCTION,CALCULATED,,,,SYNTHETIC,,,,plan_t_simplanifpoi
999999,01034105122CD,900100443,2025-02-04,2025-03-18,2025-02-19,2025-01-07,2026-02-27,2026-02-27,2026,9,202609,202609,S09,OK_PRODUCTION,CALCULATED,,,,SYNTHETIC,,,,plan_t_simplanifpoi
999999,01140110258CD,900100444,2025-05-21,2025-08-25,2025-03-11,2025-06-04,2025-01-10,2025-08-25,2025,35,202535,202535,S35,TISSU_SEC,CALCULATED,,,,SYNTHETIC,,,,plan_t_simplanifpoi
999999,02110122276CD,900100445,2025-08-12,2026-06-02,2026-04-12,2026-01-18,2025-03-03,2026-06-02,2026,23,202623,202623,S23,TISSU_SEC,CALCULATED,,,,SYNTHETIC,,,,plan_t_simplanifpoi
999999,05028110401CD,900100446,2026-05-10,2026-05-15,2025-01-17,2025-01-07,2026-06-29,2026-06-29,2026,27,202627,202627,S27,OK_PRODUCTION,CALCULATED,,,,SYNTHETIC,,,,plan_t_simplanifpoi
999999,04028116709CD,900100447,2026-02-26,2025-01-13,2025-01-18,2026-06-27,2025-10-09,2026-06-27,2026,26,202626,202626,S26,FIL,CALCULATED,,,,SYNTHETIC,,,,plan_t_simplanifpoi
999999,01359113233CD,900100448,2025-10-21,2025-01-18,2026-05-30,2026-03-17,2025-07-03,2026-05-30,2026,22,202622,202622,S22,FOURNITURE,CALCULATED,,,,SYNTHETIC,,,,plan_t_simplanifpoi
999999,0133898897CD,900100449,2025-04-20,2025-04-09,2026-06-21,2025-06-02,2025-09-04,2026-06-21,2026,25,202625,202625,S25,FOURNITURE,CALCULATED,,,,SYNTHETIC,,,,plan_t_simplanifpoi
999999,01028116277CD,900100450,2025-07-16,2026-06-24,2025-09-16,2025-12-29,2025-10-01,2026-06-24,2026,26,202626,202626,S26,TISSU_SEC,CALCULATED,,,,SYNTHETIC,,,,plan_t_simplanifpoi
999999,07028112374CD,900100451,2026-02-11,2025-03-22,2026-01-18,2026-02-20,2026-04-16,2026-04-16,2026,16,202616,202616,S16,OK_PRODUCTION,CALCULATED,,,,SYNTHETIC,,,,plan_t_simplanifpoi
999999,03107106561CD,900100452,2025-09-07,2025-08-20,2025-11-04,2025-03-24,2025-02-02,2025-11-04,2025,45,202545,202545,S45,FOURNITURE,CALCULATED,,,,SYNTHETIC,,,,plan_t_simplanifpoi
999999,06355112143CD,900100453,2025-04-06,2026-02-20,2026-01-24,2026-01-22,2026-05-03,2026-05-03,2026,18,202618,202618,S18,OK_PRODUCTION,CALCULATED,,,,SYNTHETIC,,,,plan_t_simplanifpoi
999999,01376111224CD,900100454,2025-02-27,2025-01-10,2025-06-25,2025-03-26,2026-05-27,2026-05-27,2026,22,202622,202622,S22,OK_PRODUCTION,CALCULATED,,,,SYNTHETIC,,,,plan_t_simplanifpoi
999999,06337108432CD,900100455,2026-03-21,2025-12-06,2025-04-08,2026-06-25,2025-02-13,2026-06-25,2026,26,202626,202626,S26,FIL,CALCULATED,,,,SYNTHETIC,,,,plan_t_simplanifpoi
999999,01110108853CD,900100456,2025-08-24,2025-08-05,2026-05-02,2025-10-05,2025-02-17,2026-05-02,2026,18,202618,202618,S18,FOURNITURE,CALCULATED,,,,SYNTHETIC,,,,plan_t_simplanifpoi
999999,01412117584CD,900100457,2025-03-18,2025-10-15,2025-02-03,2025-07-03,2025-11-19,2025-11-19,2025,47,202547,202547,S47,OK_PRODUCTION,CALCULATED,,,,SYNTHETIC,,,,plan_t_simplanifpoi
999999,01107106557CD,900100458,2025-01-17,2025-08-01,2025-05-28,2026-02-12,2025-03-20,2026-02-12,2026,7,202607,202607,S07,FIL,CALCULATED,,,,SYNTHETIC,,,,plan_t_simplanifpoi
999999,03028109943CD,900100459,2025-11-03,2025-06-16,2025-09-04,2026-02-03,2025-12-06,2026-02-03,2026,6,202606,202606,S06,FIL,CALCULATED,,,,SYNTHETIC,,,,plan_t_simplanifpoi
999999,01359120273CD,900100460,2026-01-29,2025-05-24,2025-03-22,2026-05-28,2025-12-21,2026-05-28,2026,22,202622,202622,S22,FIL,CALCULATED,,,,SYNTHETIC,,,,plan_t_simplanifpoi
999999,04359116434CD,900100461,2025-02-24,2025-04-11,2026-03-24,2025-08-26,2025-03-19,2026-03-24,2026,13,202613,202613,S13,FOURNITURE,CALCULATED,,,,SYNTHETIC,,,,plan_t_simplanifpoi
999999,08084104251CD,900100462,2025-12-15,2026-02-11,2025-12-01,2025-01-31,2025-10-07,2026-02-11,2026,7,202607,202607,S07,TISSU_SEC,CALCULATED,,,,SYNTHETIC,,,,plan_t_simplanifpoi
999999,01359116341CD,900100463,2026-04-07,2026-05-18,2025-08-22,2025-12-31,2026-01-20,2026-05-18,2026,21,202621,202621,S21,TISSU_SEC,CALCULATED,,,,SYNTHETIC,,,,plan_t_simplanifpoi
999999,03355104790CD,900100464,2026-03-19,2025-07-10,2026-01-25,2025-03-29,2025-10-30,2026-03-19,2026,12,202612,202612,S12,TISSU,CALCULATED,,,,SYNTHETIC,,,,plan_t_simplanifpoi
999999,05028110339CD,900100465,2025-09-10,2025-03-17,2025-03-26,2025-10-02,2025-06-07,2025-10-02,2025,40,202540,202540,S40,FIL,CALCULATED,,,,SYNTHETIC,,,,plan_t_simplanifpoi
999999,09359103394CD,900100466,2026-01-25,2025-06-07,2026-02-03,2025-11-21,2026-01-05,2026-02-03,2026,6,202606,202606,S06,FOURNITURE,CALCULATED,,,,SYNTHETIC,,,,plan_t_simplanifpoi
999999,01028102574CD,900100467,2025-04-20,2025-04-04,2025-01-06,2025-11-12,2026-04-01,2026-04-01,2026,14,202614,202614,S14,OK_PRODUCTION,CALCULATED,,,,SYNTHETIC,,,,plan_t_simplanifpoi
999999,01110109996CD,900100468,2026-01-04,2025-10-04,2025-04-15,2025-05-16,2025-03-31,2026-01-04,2026,1,202601,202601,S01,TISSU,CALCULATED,,,,SYNTHETIC,,,,plan_t_simplanifpoi
999999,01396119007CD,900100469,2025-07-11,2026-03-18,2026-04-05,2026-06-09,2026-02-22,2026-06-09,2026,24,202624,202624,S24,FIL,CALCULATED,,,,SYNTHETIC,,,,plan_t_simplanifpoi
999999,03359118136CD,900100470,2025-04-16,2025-01-27,2025-04-02,2025-12-29,2025-04-06,2025-12-29,2026,1,202601,202601,S01,FIL,CALCULATED,,,,SYNTHETIC,,,,plan_t_simplanifpoi
999999,01359107312CD,900100471,2025-11-29,2026-01-30,2025-01-13,2025-10-26,2026-02-28,2026-02-28,2026,9,202609,202609,S09,OK_PRODUCTION,CALCULATED,,,,SYNTHETIC,,,,plan_t_simplanifpoi
999999,05028119517CD,900100472,2026-02-02,2025-03-28,2025-09-06,2026-06-18,2025-06-23,2026-06-18,2026,25,202625,202625,S25,FIL,CALCULATED,,,,SYNTHETIC,,,,plan_t_simplanifpoi
999999,02110104519CD,900100473,2026-01-25,2025-06-23,2025-05-23,2025-10-03,2025-11-05,2026-01-25,2026,4,202604,202604,S04,TISSU,CALCULATED,,,,SYNTHETIC,,,,plan_t_simplanifpoi
999999,01359110861CD,900100474,2025-10-02,2026-05-20,2025-05-30,2025-03-06,2025-06-21,2026-05-20,2026,21,202621,202621,S21,TISSU_SEC,CALCULATED,,,,SYNTHETIC,,,,plan_t_simplanifpoi
999999,01419122386CD,900100475,2026-03-22,2025-10-10,2026-03-08,2025-11-03,2026-05-11,2026-05-11,2026,20,202620,202620,S20,OK_PRODUCTION,CALCULATED,,,,SYNTHETIC,,,,plan_t_simplanifpoi
999999,01084119687CD,900100476,2025-03-20,2026-01-05,2025-09-15,2025-09-10,2026-05-23,2026-05-23,2026,21,202621,202621,S21,OK_PRODUCTION,CALCULATED,,,,SYNTHETIC,,,,plan_t_simplanifpoi
999999,01359111684CD,900100477,2025-07-20,2026-04-14,2025-04-20,2025-05-19,2025-11-08,2026-04-14,2026,16,202616,202616,S16,TISSU_SEC,CALCULATED,,,,SYNTHETIC,,,,plan_t_simplanifpoi
999999,05359108036CD,900100478,2025-01-07,2026-02-10,2025-12-07,2026-01-25,2025-12-04,2026-02-10,2026,7,202607,202607,S07,TISSU_SEC,CALCULATED,,,,SYNTHETIC,,,,plan_t_simplanifpoi
999999,01084119243CD,900100479,2026-03-27,2025-12-09,2026-03-17,2025-05-20,2025-11-04,2026-03-27,2026,13,202613,202613,S13,TISSU,CALCULATED,,,,SYNTHETIC,,,,plan_t_simplanifpoi
999999,01110113331CD,900100480,2025-11-25,2025-07-25,2026-05-06,2025-11-18,2025-07-01,2026-05-06,2026,19,202619,202619,S19,FOURNITURE,CALCULATED,,,,SYNTHETIC,,,,plan_t_simplanifpoi
999999,01020107337CD,900100481,2026-02-12,2025-11-23,2025-10-26,2026-05-18,2025-09-06,2026-05-18,2026,21,202621,202621,S21,FIL,CALCULATED,,,,SYNTHETIC,,,,plan_t_simplanifpoi
999999,01359111423CD,900100482,2025-11-30,2026-01-21,2025-10-15,2026-02-07,2026-01-09,2026-02-07,2026,6,202606,202606,S06,FIL,CALCULATED,,,,SYNTHETIC,,,,plan_t_simplanifpoi
999999,03107108758CD,900100483,2025-04-27,2025-07-24,2025-07-04,2025-01-28,2026-04-18,2026-04-18,2026,16,202616,202616,S16,OK_PRODUCTION,CALCULATED,,,,SYNTHETIC,,,,plan_t_simplanifpoi
999999,01020111808CD,900100484,2025-08-03,2026-03-25,2025-10-26,2025-03-12,2026-02-23,2026-03-25,2026,13,202613,202613,S13,TISSU_SEC,CALCULATED,,,,SYNTHETIC,,,,plan_t_simplanifpoi
999999,03359116594CD,900100485,2026-05-27,2025-05-23,2025-11-07,2025-09-05,2025-09-16,2026-05-27,2026,22,202622,202622,S22,TISSU,CALCULATED,,,,SYNTHETIC,,,,plan_t_simplanifpoi
999999,01019104413CD,900100486,2025-06-07,2026-03-10,2026-01-22,2025-03-17,2026-04-05,2026-04-05,2026,14,202614,202614,S14,OK_PRODUCTION,CALCULATED,,,,SYNTHETIC,,,,plan_t_simplanifpoi
999999,13028112254CD,900100487,2026-05-06,2026-02-15,2026-06-03,2026-03-05,2025-02-07,2026-06-03,2026,23,202623,202623,S23,FOURNITURE,CALCULATED,,,,SYNTHETIC,,,,plan_t_simplanifpoi
999999,01020120452CD,900100488,2026-01-04,2025-03-29,2025-04-22,2025-09-12,2025-12-30,2026-01-04,2026,1,202601,202601,S01,TISSU,CALCULATED,,,,SYNTHETIC,,,,plan_t_simplanifpoi
999999,07107110386CD,900100489,2025-06-20,2025-02-15,2026-02-14,2025-12-06,2026-03-17,2026-03-17,2026,12,202612,202612,S12,OK_PRODUCTION,CALCULATED,,,,SYNTHETIC,,,,plan_t_simplanifpoi
999999,0100193580CD,900100490,2025-04-19,2025-01-11,2025-04-11,2025-09-22,2025-08-16,2025-09-22,2025,39,202539,202539,S39,FIL,CALCULATED,,,,SYNTHETIC,,,,plan_t_simplanifpoi
999999,01338100644CD,900100491,2026-06-07,2026-06-16,2025-08-15,2026-04-02,2026-01-19,2026-06-16,2026,25,202625,202625,S25,TISSU_SEC,CALCULATED,,,,SYNTHETIC,,,,plan_t_simplanifpoi
999999,01396104904CD,900100492,2026-02-05,2026-04-20,2026-05-28,2025-06-04,2025-12-20,2026-05-28,2026,22,202622,202622,S22,FOURNITURE,CALCULATED,,,,SYNTHETIC,,,,plan_t_simplanifpoi
999999,02028121128CD,900100493,2025-01-26,2026-05-10,2025-04-18,2025-10-30,2026-03-02,2026-05-10,2026,19,202619,202619,S19,TISSU_SEC,CALCULATED,,,,SYNTHETIC,,,,plan_t_simplanifpoi
999999,01084116237CD,900100494,2025-03-29,2025-04-29,2025-05-26,2025-12-23,2025-11-16,2025-12-23,2025,52,202552,202552,S52,FIL,CALCULATED,,,,SYNTHETIC,,,,plan_t_simplanifpoi
999999,10359102898CD,900100495,2025-12-18,2026-04-12,2025-07-31,2026-06-18,2026-05-10,2026-06-18,2026,25,202625,202625,S25,FIL,CALCULATED,,,,SYNTHETIC,,,,plan_t_simplanifpoi
999999,01028106398CD,900100496,2025-12-23,2026-05-03,2025-04-10,2026-03-25,2026-04-09,2026-05-03,2026,18,202618,202618,S18,TISSU_SEC,CALCULATED,,,,SYNTHETIC,,,,plan_t_simplanifpoi
999999,01028122463CD,900100497,2025-11-23,2025-03-10,2025-11-04,2025-02-15,2025-04-28,2025-11-23,2025,47,202547,202547,S47,TISSU,CALCULATED,,,,SYNTHETIC,,,,plan_t_simplanifpoi
999999,01084122242CD,900100498,2025-01-24,2025-12-18,2025-04-22,2025-06-18,2025-09-07,2025-12-18,2025,51,202551,202551,S51,TISSU_SEC,CALCULATED,,,,SYNTHETIC,,,,plan_t_simplanifpoi
999999,02359121850CD,900100499,2026-06-13,2025-06-28,2025-06-13,2025-12-05,2026-03-13,2026-06-13,2026,24,202624,202624,S24,TISSU,CALCULATED,,,,SYNTHETIC,,,,plan_t_simplanifpoi
